time,tavg,tmin,tmax,prcp,snow,wdir,wspd,wpgt,pres,tsun
2018-01-01,-8.6,-12.2,-4.4,,,,9.6,,,
2018-01-02,-6.0,-8.9,-1.7,,,262.0,19.9,,,
2018-01-03,-4.0,-7.8,0.6,,,,13.0,,,
2018-01-04,-2.9,-5.6,0.0,,,,10.5,,,
2018-01-05,-8.1,-11.1,-4.4,,,,9.1,,,
2018-01-06,-9.8,-12.8,-3.3,,,,13.7,,,
2018-01-07,-9.1,-14.4,-1.1,,,,13.4,,,
2018-01-08,-3.6,-7.8,-0.6,,,248.0,17.4,,,
2018-01-09,2.6,-1.1,8.3,,,,9.4,,,
2018-01-10,2.5,0.0,6.1,,,,7.5,,,
2018-01-11,6.6,2.8,10.6,,,,6.4,,,
2018-01-12,13.2,8.0,15.6,,,,8.9,,,
2018-01-13,3.7,-5.6,13.9,,,,8.7,,,
2018-01-14,-5.2,-8.3,-1.1,,,,13.3,,,
2018-01-15,-3.5,-7.2,0.6,,,42.0,23.2,,,
2018-01-16,0.1,-3.3,2.8,,,,11.1,,,
2018-01-17,0.7,-3.9,2.8,,,,9.4,,,
2018-01-29,5.7,3.3,7.8,,,42.0,23.0,,,
2018-01-30,0.7,-2.8,2.8,,,,10.8,,,
2018-01-31,-2.2,-6.7,1.7,,,,13.9,,,
2018-02-01,3.5,0.0,6.1,,,,9.7,,,
2018-02-02,-1.2,-7.2,4.4,,,,8.7,,,
2018-02-03,-3.7,-7.8,0.6,,,250.0,18.2,,,
2018-02-04,3.1,-1.1,7.8,,,,10.4,,,
2018-02-05,1.6,-2.2,5.0,,,,10.2,,,
2018-02-06,0.3,-2.8,2.8,,,,8.8,,,
2018-02-07,2.1,-0.6,7.8,,,,19.0,,,
2018-02-08,-0.2,-2.8,2.8,,,,11.2,,,
2018-02-09,0.0,-2.2,3.3,,,,11.3,,,
2018-02-10,6.6,3.3,10.6,,,,5.5,,,
2018-02-11,10.6,6.1,16.1,,,,8.5,,,
2018-02-12,8.4,2.2,17.2,,,,8.7,,,
2018-02-13,1.1,-1.1,4.4,,,,11.7,,,
2018-02-14,6.0,1.7,11.1,,,,9.8,,,
2018-02-15,10.1,6.7,14.4,,,258.0,9.1,,,
2018-02-16,10.5,3.3,13.9,,,,7.9,,,
2018-02-17,1.8,-1.1,5.0,,,,11.2,,,
2018-02-18,4.8,1.1,9.4,,,,6.5,,,
2018-02-19,6.5,3.3,8.9,,,,7.3,,,
2018-02-20,13.0,6.7,20.0,,,,9.0,,,
2018-02-21,17.3,10.6,24.4,,,,10.3,,,
2018-02-22,7.5,3.3,13.9,,,40.0,19.4,,,
2018-02-23,3.9,2.8,5.0,,,45.0,14.4,,,
2018-02-24,7.9,5.0,12.2,,,,9.1,,,
2018-02-25,6.0,5.6,6.7,,,,17.2,,,
2018-02-26,7.9,6.1,11.0,,,,8.6,,,
2018-02-27,8.3,4.4,14.4,,,,8.1,,,
2018-02-28,9.8,4.4,16.1,,,254.0,10.5,,,
2018-03-01,10.8,7.2,14.4,,,,11.1,,,
2018-03-02,3.8,1.7,7.2,54.5,,,13.6,,,
2018-03-03,5.8,3.3,10.0,,,,8.7,,,
2018-03-04,5.2,1.7,7.8,,,,10.7,,,
2018-03-05,3.8,1.1,7.2,,,,8.7,,,
2018-03-06,4.8,1.7,8.3,,,,10.6,,,
2018-03-07,2.1,1.1,3.9,,,,19.1,,,
2018-03-08,3.0,1.0,5.0,,,,11.9,,,
2018-03-09,2.6,-0.6,6.7,,,265.0,21.7,,,
2018-03-10,2.9,0.0,5.0,,,,14.4,,,
2018-03-11,4.4,0.6,8.9,,,,9.8,,,
2018-03-12,4.1,1.7,6.1,,,42.0,19.8,,,
2018-03-13,3.0,1.1,6.1,,,,9.9,,,
2018-03-14,2.2,0.0,5.0,,,266.0,24.9,,,
2018-03-15,4.1,0.6,9.4,,,,18.6,,,
2018-03-16,3.0,1.0,5.6,,,,10.1,,,
2018-03-17,3.7,-1.7,9.4,,,,10.4,,,
2018-03-18,4.0,-0.6,8.3,,,,7.9,,,
2018-03-19,5.2,2.2,9.4,,,,9.7,,,
2018-03-20,2.4,0.6,3.9,,,45.0,21.4,,,
2018-03-21,1.9,0.6,4.4,,,,23.6,,,
2018-03-22,5.3,1.0,11.7,,,,6.3,,,
2018-03-23,5.9,2.2,10.6,,,,7.1,,,
2018-03-24,6.7,2.2,11.7,,,,8.5,,,
2018-03-25,4.6,2.2,7.2,,,,17.5,,,
2018-03-26,5.0,2.2,10.0,,,69.0,17.1,,,
2018-03-27,4.2,2.2,6.7,,,90.0,11.4,,,
2018-03-28,6.2,3.3,9.4,,,,8.0,,,
2018-03-29,8.9,8.3,10.0,,,,6.9,,,
2018-03-30,10.8,7.8,15.0,,,,5.7,,,
2018-03-31,8.0,4.4,12.8,,,,12.7,,,
2018-04-01,10.2,6.7,15.0,,,,9.5,,,
2018-04-02,4.2,1.1,7.2,,,,15.8,,,
2018-04-03,4.9,3.9,6.0,,,,11.1,,,
2018-04-04,8.8,5.6,13.3,,,,13.5,,,
2018-04-05,4.9,1.7,7.8,,,,13.9,,,
2018-04-06,8.1,3.3,15.6,,,,12.6,,,
2018-04-07,7.4,5.0,11.7,,,,9.1,,,
2018-04-08,4.6,1.7,8.3,,,,10.1,,,
2018-04-09,4.2,0.6,10.0,,,,10.0,,,
2018-04-10,6.4,3.9,11.1,,,,9.1,,,
2018-04-12,10.4,6.7,15.6,,,,8.1,,,
2018-04-13,18.9,13.9,26.7,,,272.0,15.2,,,
2018-04-14,17.8,9.4,23.3,,,3.0,17.5,,,
2018-04-15,6.0,4.4,8.9,,,46.0,29.4,,,
2018-04-16,9.2,4.4,13.9,,,33.0,28.7,,,
2018-04-17,6.8,5.6,8.3,,,,20.5,,,
2018-04-18,7.8,3.9,12.8,,,263.0,17.4,,,
2018-04-19,7.3,5.0,9.4,,,,10.7,,,
2018-04-20,7.1,3.3,11.7,,,,7.2,,,
2018-04-21,10.7,5.0,17.8,,,,8.0,,,
2018-04-22,12.3,7.2,18.3,,,,7.2,,,
2018-04-23,12.0,7.8,16.7,,,,7.1,,,
2018-04-24,12.7,8.9,17.2,,,,11.6,,,
2018-04-25,12.8,11.7,14.4,,,60.0,14.5,,,
2018-04-26,15.4,11.1,20.6,,,,9.8,,,
2018-04-27,12.4,10.6,15.0,,,,11.8,,,
2018-04-28,13.4,10.0,18.3,,,,8.4,,,
2018-04-29,12.1,8.9,16.7,,,,6.8,,,
2018-04-30,9.6,8.3,10.6,,,,11.3,,,
2018-05-01,17.3,8.9,26.7,,,,10.2,,,
2018-05-12,14.3,12.2,18.3,,,56.0,11.9,,,
2018-05-13,12.1,11.7,12.8,,,,11.1,,1030.1,
2018-05-14,14.9,11.1,20.6,,,,6.6,,1030.0,
2018-05-15,20.1,15.0,29.4,,,,8.8,,1029.9,
2018-05-16,16.4,13.9,18.3,,,45.0,15.4,,1030.1,
2018-05-17,16.3,13.3,20.6,,,,8.2,,1030.0,
2018-05-18,16.6,13.9,18.3,,,,17.8,,1028.8,
2018-05-19,12.8,10.6,14.0,,,44.0,17.7,,1029.3,
2018-05-20,21.5,13.9,27.8,,,,11.2,,1030.0,
2018-05-21,19.8,16.1,24.4,,,,8.5,,1030.2,
2018-05-22,16.6,14.4,18.9,,,,6.6,,1030.1,
2018-05-23,20.6,14.4,28.3,,,,6.5,,1029.9,
2018-05-24,22.9,18.9,27.8,,,,7.6,,1030.1,
2018-05-25,23.7,17.2,29.4,,,260.0,14.9,,1030.0,
2018-05-26,25.8,21.7,31.1,,,,8.7,,1029.8,
2018-05-27,18.3,14.4,25.0,,,,,,1030.0,
2018-05-28,16.1,13.9,19.4,,,,9.6,,1030.1,
2018-05-29,23.0,16.7,30.0,,,,5.7,,1030.0,
2018-05-30,19.6,15.6,22.8,,,,12.2,,1030.1,
2018-05-31,18.6,17.8,20.0,,,,9.5,,1030.0,
2018-06-01,21.6,17.8,26.7,,,,7.4,,,
2018-06-02,25.1,20.6,30.6,,,,,,1029.8,
2018-06-03,17.0,12.8,21.7,,,,,,1030.0,
2018-06-04,16.9,11.7,23.9,,,,,,1029.8,
2018-06-05,19.9,16.1,24.4,,,,,,1029.7,
2018-06-06,18.0,16.1,21.7,,,,,,1029.9,
2018-06-07,18.0,16.1,21.7,,,,,,1030.1,
2018-06-08,21.8,16.1,27.2,,,,,,1030.2,
2018-06-09,23.5,20.6,28.9,,,,,,,
2018-06-10,20.2,16.7,22.2,,,,,,1030.0,
2018-06-12,18.7,15.0,22.8,,,,,,,
2018-06-13,20.9,17.8,24.4,,,,,,1029.9,
2018-06-14,24.8,19.4,30.6,,,,,,1029.8,
2018-06-15,21.7,18.3,25.0,,,,,,1030.0,
2018-06-16,23.4,17.8,29.4,,,,,,1030.0,
2018-06-17,25.1,19.4,31.7,,,,,,1030.1,
2018-06-18,26.2,21.7,32.2,,,,,,1030.0,
2018-06-19,27.4,23.3,32.2,,,,,,,
2018-06-20,24.2,21.7,27.8,,,,,,1029.9,
2018-06-21,24.0,18.9,30.0,,,,,,1029.8,
2018-06-22,21.1,19.4,23.9,,,,,,1030.0,
2018-06-23,18.9,17.8,20.0,,,,,,1029.9,
2018-06-24,23.6,19.4,28.9,,,,,,1029.8,
2018-06-25,24.3,20.6,29.0,,,,,,1030.0,
2018-06-26,21.9,18.9,25.0,,,,,,1030.2,
2018-06-27,21.1,18.9,23.3,,,,,,1030.1,
2018-06-28,24.1,21.1,28.9,,,,,,1029.8,
2018-06-29,27.8,22.8,33.9,,,,,,1030.0,
2018-06-30,28.6,23.3,34.4,,,,,,,
2018-07-01,29.7,23.9,35.6,,,,,,,
2018-07-04,26.7,24.4,30.6,,,,,,1029.8,
2018-07-05,27.4,23.9,31.1,,,,,,1029.3,
2018-07-06,25.5,23.3,27.8,,,,,,1030.1,
2018-07-07,21.6,18.9,25.6,,,,,,1028.2,
2018-07-08,22.9,18.9,28.3,,,,,,1028.2,
2018-07-09,24.8,20.0,30.6,,,,,,1030.2,
2018-07-10,27.3,21.7,33.3,,,,,,1029.9,
2018-07-11,26.5,23.3,31.1,,,,,,1029.9,
2018-07-12,24.7,21.7,30.0,,,,,,1030.2,
2018-07-13,24.6,21.1,29.4,,,,,,1030.2,
2018-07-14,26.5,21.1,31.7,,,,,,1030.1,
2018-07-15,24.4,21.1,30.0,,,,,,,
2018-07-16,27.6,23.9,32.2,,,,,,1030.0,
2018-07-17,25.7,22.0,31.7,,,,,,1029.9,
2018-08-03,26.3,23.9,29.4,,,,,,,
2018-08-04,26.8,23.9,32.2,,,,,,1030.1,
2018-08-05,29.0,24.4,33.9,,,,,,1030.1,
2018-08-06,29.4,25.6,33.9,,,,,,1030.1,
2018-08-07,28.0,25.0,32.8,,,,,,1030.0,
2018-08-08,28.0,24.4,33.3,,,,,,,
2018-08-09,28.5,24.4,32.8,,,,,,1029.8,
2018-08-10,27.5,24.4,32.2,,,,,,1029.9,
2018-08-11,24.1,22.2,26.7,,,,,,,
2018-08-12,25.8,23.3,30.6,,,,,,1030.0,
2018-08-13,23.8,22.8,26.1,,,,,,1030.0,
2018-08-14,24.0,21.0,29.4,,,,,,1029.9,
2018-08-15,27.0,21.7,32.8,,,,,,1029.9,
2018-08-16,28.7,24.4,33.3,,,,,,1030.0,
2018-08-17,28.1,25.0,32.2,,,,,,,
2018-08-18,25.9,23.3,31.1,,,,,,1029.9,
2018-08-19,22.6,21.1,23.3,,,,,,1030.0,
2018-08-20,22.5,21.1,23.9,,,,,,1030.1,
2018-08-21,23.2,20.6,26.1,,,,,,1030.1,
2018-08-22,25.6,22.8,30.6,,,,,,1029.7,
2018-08-23,24.1,20.6,27.8,,,,,,1030.0,
2018-08-24,24.8,20.6,30.0,,,,,,1030.2,
2018-08-25,24.2,21.1,27.8,,,,,,1029.8,
2018-08-26,25.3,21.1,30.0,,,,,,1030.1,
2018-08-27,27.7,23.0,32.2,,,,,,1030.1,
2018-08-28,30.1,25.6,35.6,,,,,,1030.0,
2018-08-29,30.6,26.7,35.0,,,,,,1030.0,
2018-08-30,29.7,26.7,33.3,,,,,,1030.0,
2018-08-31,24.3,22.8,27.2,,,,,,1030.3,
2018-09-01,23.3,21.7,26.1,,,,,,1029.3,
2018-09-02,24.8,21.7,28.9,,,,,,1030.3,
2018-09-03,28.0,24.4,32.2,,,,,,1030.3,
2018-09-04,29.7,26.1,34.4,,,,,,1030.2,
2018-09-05,28.2,25.6,32.8,,,,,,1030.2,
2018-09-06,28.4,25.6,34.4,,,,,,1030.1,
2018-09-07,24.4,22.2,25.6,,,,,,1030.1,
2018-09-08,21.3,18.9,22.8,,,,,,1030.1,
2018-09-09,17.0,16.1,18.9,,,,,,1030.2,
2018-09-10,17.0,14.0,18.9,,,,,,1030.2,
2018-09-11,21.4,18.3,25.6,,,,,,,
2018-09-12,23.7,22.8,25.6,,,,,,,
2018-09-14,22.7,21.1,25.0,,,52.0,14.9,,1030.2,
2018-09-21,21.7,20.6,23.3,,,190.0,14.5,,1030.2,
2018-09-22,22.3,19.4,23.9,,,,10.9,,1030.1,
2018-09-23,18.8,17.8,20.0,,,46.0,13.9,,1030.2,
2018-09-24,18.7,16.7,21.7,,,44.0,21.5,,1030.5,
2018-09-25,19.7,16.1,23.3,,,,16.7,,1029.8,
2018-09-26,24.7,22.2,30.0,,,,8.1,,1030.0,
2018-09-27,21.0,18.3,25.0,,,,12.8,,1030.1,
2018-09-28,17.4,15.6,20.0,,,,13.5,,1030.0,
2018-09-29,19.6,15.6,25.0,,,,8.5,,1030.2,
2018-09-30,19.4,15.6,22.8,,,,11.5,,1028.8,
2018-10-01,21.4,18.3,25.6,,,,8.6,,1029.4,
2018-10-02,22.8,19.4,25.6,,,228.0,9.7,,1030.1,
2018-10-03,21.4,18.3,26.1,,,,9.3,,1030.0,
2018-10-04,21.6,17.8,25.6,,,,7.0,,1024.8,
2018-10-05,20.2,17.8,22.8,,,,12.4,,1019.8,
2018-10-06,19.2,18.3,20.0,,,,10.1,,1022.7,
2018-10-07,23.2,20.6,28.9,,,,8.6,,1022.4,
2018-10-08,20.2,18.9,23.3,,,57.0,14.0,,1028.7,
2018-10-09,22.2,19.4,25.6,,,,5.5,,1026.7,
2018-10-10,23.3,21.1,28.3,,,,8.1,,1019.0,
2018-10-11,22.6,21.1,25.0,,,,7.3,,1006.9,
2018-10-12,17.4,13.3,21.1,,,,10.1,,1003.4,
2018-10-13,12.8,10.0,16.1,,,,8.1,,1012.5,
2018-10-14,13.2,10.6,15.6,,,,10.3,,1023.2,
2018-10-15,17.0,13.9,20.0,,,,14.5,,1017.8,
2018-10-18,10.1,7.2,13.9,,,,8.2,,1026.1,
2018-10-19,11.9,7.2,16.1,,,,16.0,,1022.8,
2018-10-20,14.9,12.8,17.8,,,256.0,18.0,,1006.9,
2018-10-21,9.8,6.1,12.8,,,,6.8,,1012.6,
2018-10-22,8.5,5.0,11.7,,,249.0,14.1,,1023.3,
2018-10-23,13.9,10.0,20.0,,,,10.8,,1017.1,
2018-10-24,10.9,8.9,14.4,,,,7.5,,1018.2,
2018-10-25,9.0,6.7,13.9,,,,8.3,,1020.2,
2018-10-26,8.1,5.6,10.6,,,,9.5,,1019.7,
2018-10-27,9.8,7.8,11.7,,,30.0,28.3,,1005.4,
2018-10-28,10.1,8.3,11.7,,,256.0,15.4,,1007.8,
2018-10-29,12.1,10.0,15.6,,,,13.9,,1009.0,
2018-10-30,10.9,6.7,16.1,,,,10.4,,1017.6,
2018-10-31,13.6,8.3,19.4,,,,8.7,,1018.0,
2018-11-01,17.1,13.3,21.1,,,,7.6,,1011.5,
2018-11-02,19.3,17.8,21.1,,,,10.0,,1006.1,
2018-11-03,14.4,10.6,18.3,,,,16.3,,1009.8,
2018-11-04,11.0,7.8,15.6,,,,9.6,,1031.9,
2018-11-05,11.2,10.0,12.2,,,38.0,20.0,,1025.9,
2018-11-06,13.0,11.1,15.6,,,,9.7,,1012.8,
2018-11-07,14.5,11.7,17.8,,,262.0,19.7,,1015.4,
2018-11-09,9.9,7.8,11.7,,,44.0,20.4,,1021.5,
2018-11-10,7.5,3.3,11.1,,,,13.9,,1015.4,
2018-11-11,5.7,1.7,10.6,,,,10.7,,1027.7,
2018-11-12,7.2,3.9,10.6,,,,8.3,,1029.3,
2018-11-13,9.3,6.7,11.7,,,,10.7,,1016.0,
2018-11-14,4.6,2.2,7.2,,,,10.0,,1029.4,
2018-11-15,1.9,0.6,3.3,,,40.0,22.2,,1029.8,
2018-11-16,5.8,3.3,10.0,,,,21.5,,1006.1,
2018-11-17,6.8,3.9,9.4,,,,15.3,,1021.3,
2018-11-18,6.4,5.0,7.2,,,,7.4,,1026.9,
2018-11-19,9.0,7.2,11.7,,,,8.3,,1018.7,
2018-11-20,8.1,5.0,9.4,,,,10.0,,1013.3,
2018-11-21,4.8,0.0,8.3,,,,18.3,,1018.5,
2018-11-22,-2.6,-5.0,1.1,,,,6.9,,1030.7,
2018-11-23,-2.2,-6.7,1.7,,,,11.1,,1034.5,
2018-11-24,5.0,0.0,9.4,,,1.0,16.3,,1018.1,
2018-11-25,10.8,7.8,15.0,,,,4.6,,1009.6,
2018-11-26,9.8,8.9,11.7,,,,16.5,,1005.7,
2018-11-27,6.1,3.9,8.3,,,,18.4,,997.0,
2018-11-28,4.7,3.3,6.1,,,,10.3,,1000.3,
2018-11-29,6.2,4.4,8.9,,,,6.0,,1012.6,
2018-11-30,4.8,3.9,5.6,,,,8.6,,1017.9,
2018-12-01,6.1,4.4,8.9,,,,8.0,,1021.9,
2018-12-02,9.7,6.1,12.8,,,,13.7,,1007.9,
2018-12-03,11.0,7.8,12.8,,,,16.0,,1004.4,
2018-12-04,5.0,1.7,7.8,,,,8.2,,1014.0,
2018-12-05,2.0,0.0,3.9,,,,12.0,,1018.8,
2018-12-06,2.6,-0.6,5.6,,,254.0,18.2,,1022.0,
2018-12-07,3.1,-0.6,6.1,,,,10.0,,1027.0,
2018-12-08,0.1,-2.8,3.9,,,,12.3,,1032.6,
2018-12-09,1.1,-0.6,2.8,,,,8.5,,1029.2,
2018-12-10,2.7,0.0,6.7,,,,11.4,,1020.5,
2018-12-11,2.8,0.6,6.7,,,,10.1,,1018.9,
2018-12-12,3.2,1.1,6.1,,,,10.8,,1020.2,
2018-12-13,3.4,1.7,5.6,,,44.0,22.1,,1029.4,
2018-12-14,8.1,5.0,10.0,,,,11.4,,1029.8,
2018-12-15,9.5,7.8,10.6,,,,14.4,,1021.0,
2018-12-16,5.3,3.3,8.3,,,,23.1,,1013.5,
2018-12-17,5.8,3.9,9.4,,,,7.4,,1007.7,
2018-12-18,2.5,-1.1,5.0,,,,8.1,,1016.4,
2018-12-19,2.0,-1.7,6.7,,,,11.3,,1021.1,
2018-12-20,6.0,3.3,10.6,,,,12.6,,1017.8,
2018-12-21,13.0,11.1,14.4,,,,11.1,,997.4,
2018-12-22,8.1,5.6,11.1,,,,7.8,,1000.6,
2018-12-23,5.3,3.3,8.3,,,,6.9,,1019.3,
2018-12-24,4.5,2.8,7.2,,,,11.7,,1018.3,
2018-12-25,3.3,1.1,6.7,,,,9.5,,1025.1,
2018-12-26,4.1,1.1,7.8,,,,10.8,,1031.4,
2018-12-27,5.6,4.4,8.3,,,,10.5,,1035.1,
2018-12-28,10.7,6.1,15.0,,,,9.6,,1018.9,
2018-12-29,9.9,5.6,12.8,,,,11.2,,1016.4,
2018-12-30,3.7,2.2,5.0,,,,6.2,,1023.6,
2018-12-31,5.8,3.3,7.8,,,,8.8,,1024.4,
2019-01-01,10.6,6.1,13.9,,,,13.1,,1010.9,
2019-01-02,4.0,2.8,5.6,,,,8.9,,1024.9,
2019-01-03,5.7,3.9,7.8,,,,9.0,,1015.0,
2019-01-04,4.8,2.2,7.2,,,255.0,12.8,,1014.6,
2019-01-05,7.1,6.1,7.8,,,,12.8,,1001.5,
2019-01-06,6.2,1.7,10.0,,,,8.9,,1014.4,
2019-01-07,0.2,-2.2,2.2,,,,9.4,,1030.2,
2019-01-08,5.4,2.2,7.2,,,,4.6,,1015.1,
2019-01-09,5.7,2.2,7.8,,,,12.0,,1002.1,
2019-01-10,1.3,-1.1,2.8,,,,9.0,,1008.0,
2019-01-11,-1.7,-5.0,2.2,,,,7.4,,1023.7,
2019-01-12,-1.6,-5.6,2.2,,,,8.5,,1033.2,
2019-01-13,-0.3,-2.8,3.3,,,,15.8,,1029.5,
2019-01-14,-0.7,-3.3,3.3,,,,13.0,,1023.7,
2019-01-15,0.7,-2.2,3.9,,,,8.0,,1020.7,
2019-01-16,1.6,-1.1,4.4,,,,14.5,,1019.2,
2019-01-17,-0.2,-2.8,1.7,,,,8.6,,1027.3,
2019-01-18,1.9,0.0,4.4,,,338.0,10.6,,1020.3,
2019-01-19,2.6,1.1,3.3,,,,13.7,,1021.3,
2019-01-20,1.3,-7.8,9.4,,,,19.2,,999.2,
2019-01-21,-10.1,-13.3,-7.2,,,,9.5,,1018.4,
2019-01-22,-4.6,-9.4,0.6,,,,10.3,,1036.0,
2019-01-23,3.1,-1.1,10.0,,,,11.3,,1025.0,
2019-01-24,9.8,2.2,13.3,,,,10.4,,1003.1,
2019-01-25,2.1,-1.1,4.4,,,,17.4,,1015.2,
2019-01-26,-0.9,-3.9,2.2,,,,13.6,,1024.5,
2019-01-27,4.9,0.6,8.3,,,,11.6,,1018.0,
2019-01-28,-0.2,-2.2,3.9,,,,9.7,,1018.3,
2019-01-29,1.8,-2.2,6.1,,,,12.7,,1013.7,
2019-01-30,-4.6,-12.8,1.7,,,,14.5,,1014.7,
2019-01-31,-11.1,-14.4,-7.2,,,,19.1,,1028.7,
2019-02-01,-8.0,-10.6,-5.6,,,,11.3,,1030.3,
2019-02-02,-3.2,-7.2,1.7,,,,16.3,,1025.0,
2019-02-03,4.0,-0.6,12.2,,,,7.8,,1020.8,
2019-02-04,7.9,3.3,15.6,,,,5.5,,1018.3,
2019-02-05,10.4,5.0,18.9,,,,7.5,,1015.4,
2019-02-06,5.7,3.3,8.9,,,63.0,13.5,,1021.6,
2019-02-07,5.3,4.4,6.1,,,51.0,15.7,,1018.1,
2019-02-08,6.1,1.1,12.2,,,,11.7,,1015.6,
2019-02-09,-0.7,-3.3,2.8,,,,7.7,,1034.9,
2019-02-10,-0.6,-3.9,2.8,,,,10.8,,1035.9,
2019-02-11,1.5,-1.1,2.8,,,39.0,11.5,,1027.0,
2019-02-12,0.3,-2.2,2.2,,,39.0,23.5,,1022.4,
2019-02-13,2.8,1.1,5.0,,,,21.0,,1005.9,
2019-02-14,4.2,1.1,7.8,,,,12.8,,1016.4,
2019-02-15,10.0,5.6,14.4,,,,6.0,,1008.0,
2019-02-16,5.1,1.1,10.0,,,,7.7,,1011.5,
2019-02-17,1.0,-1.7,3.3,,,,9.6,,1018.9,
2019-02-18,2.3,-1.7,5.6,,,,10.0,,1014.6,
2019-02-19,-0.5,-3.9,4.4,,,,8.5,,1034.0,
2019-02-20,-1.0,-2.0,0.6,,,,12.1,,1032.1,
2019-02-21,5.5,0.6,11.1,,,,13.8,,1015.6,
2019-02-22,5.5,3.3,7.8,,,,7.4,,1027.4,
2019-02-23,3.4,1.7,5.0,,,,11.8,,1030.0,
2019-02-24,5.7,2.8,7.8,,,326.0,20.2,,1004.2,
2019-02-25,4.0,-1.1,6.7,,,,18.2,,1009.5,
2019-02-26,0.1,-2.8,5.0,,,,9.1,,1027.3,
2019-02-27,-1.7,-3.3,0.6,,,,9.9,,1026.8,
2019-02-28,1.1,-1.1,4.4,,,,12.3,,1021.1,
2019-03-01,0.8,-1.1,2.2,,,46.0,15.9,,1026.1,
2019-03-02,2.5,0.6,6.1,,,,12.9,,1017.9,
2019-03-03,3.5,1.0,7.2,,,,10.0,,1018.5,
2019-03-04,2.7,0.0,6.7,,,,10.7,,1009.4,
2019-03-05,-1.7,-4.4,1.7,,,,13.5,,1017.2,
2019-03-06,-3.7,-5.6,-0.6,,,,11.4,,1020.8,
2019-03-08,1.1,-2.8,4.4,,,,7.7,,1027.9,
2019-03-09,5.0,1.7,10.0,,,,7.7,,1026.2,
2019-03-10,4.1,2.2,5.6,,,,20.5,,1018.7,
2019-03-11,8.5,5.0,12.8,,,,16.2,,1016.6,
2019-03-12,4.5,1.7,8.3,,,,6.5,,1022.6,
2019-03-14,8.2,5.6,11.7,,,,5.9,,1022.4,
2019-03-17,4.6,1.7,8.9,,,,11.7,,1022.1,
2019-03-18,4.2,1.1,7.8,,,,10.7,,1025.5,
2019-03-19,5.4,2.2,8.9,,,,8.6,,1029.6,
2019-03-20,6.2,2.2,11.1,,,,9.3,,1028.7,
2019-03-21,7.0,5.6,8.3,,,46.0,16.9,,1016.8,
2019-03-22,7.0,5.0,10.6,,,,14.0,,995.7,
2019-03-23,5.8,2.2,11.1,,,,8.6,,1010.6,
2019-03-24,9.0,3.3,14.4,,,,13.5,,1020.5,
2019-03-25,10.1,7.8,12.2,,,,8.8,,1017.7,
2019-03-26,6.4,1.7,11.1,,,,13.0,,1024.2,
2019-03-27,4.6,2.2,7.8,,,,12.7,,1032.9,
2019-03-28,6.2,2.2,10.6,,,,10.0,,1029.3,
2019-03-29,10.8,8.3,13.3,,,,7.7,,1020.4,
2019-03-30,13.3,10.0,17.8,,,,7.2,,1016.5,
2019-03-31,10.7,5.6,15.6,,,,6.8,,1008.2,
2019-04-01,5.4,1.1,9.4,,,,7.4,,1022.1,
2019-04-04,11.2,7.8,16.1,,,,7.8,,1028.2,
2019-04-07,13.5,10.0,16.7,,,,7.7,,1023.4,
2019-04-08,15.8,11.1,23.9,,,,10.6,,1011.0,
2019-04-09,8.5,7.8,10.0,,,,13.9,,1005.6,
2019-04-10,11.5,7.8,16.7,,,,8.4,,1010.5,
2019-04-11,7.6,5.0,10.6,,,,12.9,,1023.8,
2019-04-12,12.5,8.3,18.3,,,,11.7,,1023.3,
2019-04-13,18.4,15.0,22.8,,,,9.3,,1017.6,
2019-04-14,16.9,14.4,20.6,,,,6.2,,1010.9,
2019-04-15,13.3,8.9,17.2,,,,12.5,,998.6,
2019-04-16,12.3,7.2,18.9,,,,7.3,,1015.2,
2019-04-17,11.9,9.4,15.6,,,,11.7,,1021.1,
2019-04-19,18.5,16.1,23.9,,,,11.9,,1009.4,
2019-04-20,15.4,12.8,17.8,,,,9.2,,1008.3,
2019-04-21,14.2,11.7,18.9,,,,10.8,,1015.4,
2019-04-22,14.3,11.7,18.0,,,,8.4,,1017.2,
2019-04-23,17.4,13.3,22.8,,,,7.9,,1013.6,
2019-04-24,18.9,16.1,21.7,,,,9.1,,1008.0,
2019-04-25,12.9,10.6,16.1,,,,9.9,,1014.3,
2019-04-26,13.2,11.7,15.0,,,28.0,16.8,,1003.5,
2019-04-27,12.9,10.6,16.7,,,,14.1,,1001.7,
2019-04-28,10.7,8.9,13.3,,,,8.6,,1016.3,
2019-04-29,10.3,6.7,14.4,,,,10.8,,1028.0,
2019-04-30,12.0,9.4,16.1,,,,8.0,,1024.1,
2019-05-01,11.7,10.6,12.8,,,80.0,13.2,,1028.8,
2019-05-02,14.2,10.6,24.4,,,,8.1,,1020.8,
2019-05-03,11.6,10.6,13.3,,,55.0,11.1,,1019.1,
2019-05-04,14.2,11.7,18.9,,,,4.3,,1012.0,
2019-05-05,12.4,11.1,13.9,,,34.0,17.8,,1009.9,
2019-05-06,14.8,11.1,20.6,,,,11.8,,1015.1,
2019-05-07,15.9,12.2,20.6,,,169.0,9.5,,1021.2,
2019-05-08,16.7,14.4,21.7,,,,9.3,,1023.0,
2019-05-09,13.5,12.2,15.0,,,58.0,17.6,,1025.9,
2019-05-10,17.7,12.8,23.3,,,,8.3,,1017.5,
2019-05-11,17.8,14.4,21.7,,,,6.7,,1015.8,
2019-05-12,10.2,7.8,15.0,,,46.0,23.2,,1013.8,
2019-05-13,8.7,7.2,10.0,,,40.0,18.5,,1011.2,
2019-05-14,9.5,7.8,11.7,,,,8.7,,1010.1,
2019-05-15,14.5,8.3,21.7,,,,6.5,,1010.7,
2019-05-16,17.8,12.2,22.8,,,,6.5,,1011.1,
2019-05-17,20.0,15.0,24.4,,,,9.0,,1009.0,
2019-05-18,18.3,14.4,23.9,,,,6.0,,1014.8,
2019-05-19,19.7,15.6,25.0,,,,7.5,,1016.8,
2019-05-20,24.5,20.0,29.4,,,,15.8,,1009.2,
2019-05-21,19.1,14.4,23.9,,,,9.1,,1013.5,
2019-05-22,19.0,13.9,24.4,,,,9.1,,1022.7,
2019-05-23,18.0,13.9,22.2,,,,9.8,,1018.9,
2019-05-24,21.2,17.8,24.4,,,,8.6,,1013.2,
2019-05-25,17.4,14.4,21.1,,,,12.1,,1021.9,
2019-05-26,21.9,16.1,30.0,,,247.0,12.1,,1013.7,
2019-05-27,22.8,18.3,27.8,,,,6.3,,1012.9,
2019-05-28,19.6,17.2,21.7,,,,10.3,,1009.7,
2019-05-29,18.0,14.4,21.1,,,,11.8,,1006.8,
2019-05-30,16.5,14.4,20.0,,,,8.1,,,
2019-05-31,21.7,17.2,27.2,,,,7.6,,1007.3,
2019-06-01,21.4,19.4,25.6,,,,8.6,,1009.8,
2019-06-02,21.7,17.8,28.9,,,,6.0,,1006.6,
2019-06-03,18.9,15.6,23.3,,,,9.1,,1012.3,
2019-06-04,18.2,13.9,22.8,,,,12.9,,1018.5,
2019-06-05,21.9,17.8,27.8,,,240.0,9.9,,1011.8,
2019-06-06,24.5,20.6,28.9,,,,7.2,,1007.1,
2019-06-07,22.0,17.8,26.1,,,,8.3,,1013.1,
2019-06-08,21.3,16.7,27.2,,,,13.2,,1020.2,
2019-06-09,20.6,17.2,25.0,,,59.0,16.5,,1025.5,
2019-06-10,18.2,16.1,20.6,,,,16.2,,1018.1,
2019-06-11,22.1,18.3,26.7,,,,5.0,,1013.0,
2019-06-12,20.2,16.7,23.9,,,,10.5,,1021.3,
2019-06-13,17.6,15.6,19.4,,,,16.9,,1011.1,
2019-06-14,19.3,15.6,23.9,,,,16.8,,1012.2,
2019-06-15,22.2,16.7,27.8,,,251.0,13.6,,1018.1,
2019-06-16,23.3,20.6,27.8,,,248.0,11.5,,1011.8,
2019-06-17,22.3,21.1,23.9,,,,5.1,,1014.2,
2019-06-18,20.8,19.4,22.2,,,,5.9,,1013.2,
2019-06-19,20.0,19.4,21.1,,,66.0,10.3,,1010.9,
2019-06-22,23.2,17.8,28.3,,,,5.2,,,
2019-06-23,24.7,19.4,30.6,,,,9.3,,1014.5,
2019-06-24,24.9,20.0,30.0,,,,7.3,,1011.5,
2019-06-25,25.0,21.7,30.6,,,,5.2,,1010.1,
2019-06-26,26.9,22.8,31.1,,,,6.9,,1015.6,
2019-06-27,28.0,22.8,33.3,,,,4.4,,1019.4,
2019-06-28,27.6,22.8,32.2,,,,7.0,,1020.8,
2019-06-29,26.5,22.8,35.0,,,249.0,9.4,,1015.2,
2019-06-30,25.5,21.7,30.6,,,,7.5,,1008.9,
2019-07-01,24.7,19.4,31.1,,,,9.6,,1012.8,
2019-07-02,26.0,21.1,31.1,,,,7.3,,1010.0,
2019-07-03,27.0,24.4,30.6,,,,5.3,,1011.0,
2019-07-04,26.4,22.2,31.7,,,,5.6,,1017.7,
2019-07-05,25.1,22.8,28.3,,,,6.1,,1020.2,
2019-07-06,26.5,25.0,31.1,,,,7.7,,1013.6,
2019-07-07,25.9,22.8,30.0,,,,11.4,,1012.4,
2019-07-08,23.3,21.7,26.7,,,,8.4,,1015.3,
2019-07-09,26.0,21.1,31.7,,,,6.5,,1016.8,
2019-07-10,27.1,22.8,31.1,,,,7.5,,1016.6,
2019-07-11,25.1,22.8,30.0,,,,9.5,,1013.1,
2019-07-12,26.4,22.2,32.2,,,,6.7,,1007.5,
2019-07-13,26.6,22.2,30.6,,,,9.3,,1013.0,
2019-07-14,28.4,23.3,33.3,,,,6.9,,1013.5,
2019-07-15,26.7,22.2,31.7,,,,7.4,,1017.3,
2019-07-16,27.8,23.3,33.9,,,,7.2,,1017.4,
2019-07-17,28.8,23.9,33.9,,,,9.5,,1013.7,
2019-07-18,24.4,22.8,28.3,,,,10.6,,1012.3,
2019-07-19,27.4,22.2,33.3,,,,10.8,,1012.0,
2019-07-20,31.4,26.7,36.7,,,,11.4,,1010.3,
2019-07-21,31.7,26.7,36.7,,,,9.4,,1009.0,
2019-07-22,27.2,23.3,31.7,,,,7.6,,1009.3,
2019-07-23,22.6,21.1,23.9,,,,8.9,,1009.8,
2019-07-24,25.1,21.1,30.6,,,,8.3,,1013.7,
2019-07-25,26.2,22.8,31.1,,,,7.8,,1019.0,
2019-07-26,26.6,22.8,31.1,,,,7.2,,1023.9,
2019-07-27,26.3,22.8,31.1,,,,8.0,,1023.9,
2019-07-28,27.9,22.8,32.8,,,250.0,13.0,,1019.2,
2019-07-29,28.4,23.9,33.9,,,,8.1,,1015.7,
2019-07-30,28.8,25.0,33.9,,,,9.3,,1015.4,
2019-07-31,25.6,22.2,32.2,,,,7.8,,1016.6,
2019-08-01,26.8,22.8,32.2,,,,6.2,,1018.3,
2019-08-02,26.5,23.9,31.1,,,,8.0,,1019.8,
2019-08-03,26.2,22.8,31.1,,,,8.4,,1016.6,
2019-08-04,26.2,21.7,33.3,,,,5.9,,1013.1,
2019-08-05,25.3,22.8,28.3,,,,11.3,,1014.9,
2019-08-06,24.9,23.3,27.8,,,,9.0,,1012.1,
2019-08-07,24.2,21.1,28.9,,,,10.1,,1009.8,
2019-08-08,25.0,21.1,30.0,,,244.0,13.2,,1007.1,
2019-08-09,25.4,21.7,30.6,,,,6.8,,1007.6,
2019-08-10,25.3,21.1,29.4,,,,8.4,,1010.5,
2019-08-11,24.5,20.0,28.3,,,,6.5,,1015.7,
2019-08-12,26.1,21.1,31.7,,,246.0,11.8,,1014.5,
2019-08-13,24.9,23.3,27.8,,,,8.4,,1009.8,
2019-08-14,24.5,23.3,27.8,,,,6.9,,1010.1,
2019-08-15,24.4,22.2,27.8,,,92.0,11.5,,1015.6,
2019-08-16,24.2,21.7,28.3,,,,10.2,,1016.9,
2019-08-17,26.2,23.3,31.1,,,,9.2,,1016.1,
2019-08-18,27.1,24.4,31.7,,,,5.7,,1015.9,
2019-08-19,26.9,23.9,32.8,,,,7.7,,1015.2,
2019-08-20,27.5,24.4,31.7,,,,8.9,,1018.1,
2019-08-21,26.9,24.4,31.1,,,,9.0,,1013.9,
2019-08-22,27.5,23.3,33.3,,,,10.2,,1011.5,
2019-08-23,22.7,20.6,24.4,,,,8.5,,1015.4,
2019-08-24,22.9,20.0,26.7,,,,10.4,,1021.1,
2019-08-25,22.2,19.4,26.1,,,49.0,21.9,,1024.0,
2019-08-26,20.7,17.8,25.6,,,,16.3,,1022.6,
2019-08-27,21.2,19.4,24.4,,,,9.3,,1018.6,
2019-08-28,22.3,20.6,23.9,,,,9.6,,1012.5,
2019-08-29,24.7,20.6,30.0,,,,5.4,,1012.1,
2019-08-30,25.4,20.0,31.1,,,249.0,11.4,,1016.4,
2019-08-31,25.5,22.8,29.4,,,,8.5,,1022.4,
2019-09-01,23.0,20.6,26.1,,,82.0,15.1,,1026.3,
2019-09-02,22.7,21.1,25.0,,,,7.5,,1018.3,
2019-09-03,24.3,21.1,28.9,,,,9.1,,1016.7,
2019-09-04,25.3,21.1,30.6,,,,9.5,,1014.1,
2019-09-05,22.4,20.0,25.0,,,,11.5,,1017.8,
2019-09-06,19.1,16.7,21.1,,,35.0,19.4,,1012.3,
2019-09-07,20.4,15.0,25.6,,,,6.3,,1009.6,
2019-09-08,22.1,18.9,26.7,,,,7.1,,1016.9,
2019-09-09,22.6,20.0,26.1,,,61.0,13.9,,1023.3,
2019-09-10,22.6,21.1,26.1,,,146.0,10.0,,1026.6,
2019-09-11,25.8,21.1,32.2,,,247.0,12.3,,1020.8,
2019-09-12,24.1,18.3,27.2,,,6.0,14.3,,1018.6,
2019-09-13,19.4,16.7,22.8,,,68.0,18.0,,1029.9,
2019-09-14,21.6,18.3,23.9,,,,10.3,,1025.5,
2019-09-15,24.9,21.7,30.0,,,,6.8,,1020.3,
2019-09-16,23.0,21.7,26.1,,,,4.7,,1017.6,
2019-09-17,22.4,18.9,26.7,,,,14.9,,1019.8,
2019-09-19,18.4,14.4,23.9,,,,11.4,,1026.9,
2019-09-20,20.4,14.4,27.2,,,,10.6,,1023.8,
2019-09-22,24.4,19.4,30.6,,,237.0,8.8,,1020.0,
2019-09-23,26.1,21.7,31.1,,,246.0,13.0,,1011.5,
2019-09-24,22.9,20.0,26.7,,,,7.5,,1009.3,
2019-09-25,21.5,17.2,27.2,,,,6.5,,1011.8,
2019-09-26,21.6,18.9,27.8,,,,8.8,,1010.3,
2019-10-08,17.2,16.1,18.3,,,40.0,20.0,,1023.3,
2019-10-09,14.4,12.2,16.1,,,30.0,20.8,,1024.2,
2019-10-10,17.5,12.8,23.9,,,,15.5,,1022.7,
2019-10-11,16.4,14.4,18.3,,,,17.5,,1019.5,
2019-10-12,16.6,14.4,20.0,,,,10.9,,1015.3,
2019-10-13,16.5,13.3,20.6,,,,7.4,,1018.1,
2019-10-14,18.5,15.6,24.4,,,,9.3,,1015.1,
2019-10-15,15.9,12.8,20.0,,,,8.6,,1020.1,
2019-10-16,16.5,13.9,18.9,,,,12.9,,1007.3,
2019-10-17,13.2,11.7,15.0,,,,21.0,,994.7,
2019-10-18,13.2,10.6,16.7,,,,7.6,,1010.2,
2019-10-19,12.5,8.9,18.3,,,,9.2,,1017.8,
2019-10-20,13.6,12.2,15.6,,,,11.2,,1016.8,
2019-10-21,15.4,11.7,21.7,,,,11.0,,1017.7,
2019-10-22,15.5,14.4,17.2,,,50.0,16.5,,1016.0,
2019-10-23,17.1,14.4,21.1,,,,10.2,,1013.8,
2019-10-24,15.4,11.7,20.6,,,,11.6,,1025.6,
2019-10-26,15.8,13.3,18.3,,,,9.0,,1023.5,
2019-10-27,16.4,14.4,20.0,,,,12.2,,1014.2,
2019-10-28,15.6,14.4,17.2,,,,8.6,,1020.8,
2019-10-29,14.6,12.8,15.6,,,42.0,12.9,,1025.7,
2019-10-30,16.6,15.6,17.8,,,50.0,11.3,,1023.6,
2019-10-31,19.1,16.7,21.1,,,,9.6,,1011.6,
2019-11-01,12.7,8.3,21.1,,,,16.2,,1015.3,
2019-11-02,9.9,7.2,13.3,,,,8.1,,1022.0,
2019-11-03,10.0,6.7,13.9,,,,10.3,,1020.1,
2019-11-04,11.1,7.2,15.0,,,,10.6,,1027.1,
2019-11-05,13.9,12.2,15.6,,,,10.3,,1022.3,
2019-11-06,11.5,8.3,15.0,,,,11.6,,1027.6,
2019-11-08,4.2,0.6,7.8,,,,7.9,,1021.7,
2019-11-09,3.4,0.0,6.7,,,,10.8,,1026.1,
2019-11-10,8.4,4.4,11.1,,,248.0,12.9,,1019.0,
2019-11-11,12.6,9.4,16.7,,,,6.8,,1016.5,
2019-11-12,6.6,-1.7,13.9,,,,9.4,,1012.5,
2019-11-13,0.2,-3.3,4.4,,,,8.9,,1027.2,
2019-11-14,4.4,0.6,7.8,,,,12.0,,1029.3,
2019-11-15,7.4,3.3,11.7,,,,13.2,,1023.4,
2019-11-16,4.9,1.7,7.8,,,,21.8,,1029.4,
2019-11-17,4.4,1.7,6.7,,,35.0,25.6,,1025.1,
2019-11-18,6.0,5.0,6.7,,,,11.2,,1010.0,
2019-11-19,7.6,5.6,11.1,,,,8.9,,1009.0,
2019-11-20,7.3,5.6,11.1,,,,5.8,,1014.7,
2019-11-21,8.7,5.0,12.8,,,,10.1,,1020.5,
2019-11-22,8.8,5.0,11.7,,,,12.7,,1011.2,
2019-11-23,5.4,2.8,8.3,,,,9.2,,1014.9,
2019-11-24,6.6,5.0,8.9,,,,14.8,,996.9,
2019-11-25,8.3,4.4,12.2,,,246.0,11.9,,1009.8,
2019-11-26,11.1,7.2,17.8,,,,8.9,,1016.4,
2019-11-27,12.1,9.4,14.4,,,,9.2,,1010.4,
2019-11-28,8.6,4.4,11.7,,,,9.1,,1011.6,
2019-11-29,3.7,0.6,7.2,,,,7.8,,1022.2,
2019-11-30,4.6,1.7,9.4,,,,9.3,,1017.8,
2019-12-01,2.6,0.6,4.4,,,39.0,21.7,,1009.9,
2019-12-02,3.1,1.1,4.4,,,,15.6,,999.3,
2019-12-03,2.2,0.6,5.6,,,,7.4,,1001.0,
2019-12-04,3.2,1.1,4.4,,,262.0,15.4,,1001.4,
2019-12-05,4.4,2.8,7.8,,,,11.0,,1008.9,
2019-12-06,5.7,2.2,9.4,,,,12.2,,1018.6,
2019-12-07,3.0,1.1,6.1,,,,6.8,,1028.1,
2019-12-08,3.3,-0.6,6.7,,,,8.8,,1032.3,
2019-12-09,9.4,6.1,12.2,,,,13.5,,1016.8,
2019-12-10,12.1,6.7,13.3,,,,13.4,,1010.9,
2019-12-11,2.6,1.1,5.0,,,,12.4,,1025.3,
2019-12-12,1.0,-1.1,3.3,,,,7.6,,1038.8,
2019-12-13,6.2,2.2,10.0,,,37.0,17.0,,1026.7,
2019-12-14,10.4,7.8,13.3,,,,17.5,,996.6,
2019-12-15,6.5,3.9,9.4,,,269.0,20.9,,1009.3,
2019-12-16,2.3,1.7,3.9,,,,8.6,,1024.0,
2019-12-17,1.8,1.1,2.8,,,,19.1,,1010.4,
2019-12-18,1.0,-3.9,3.9,,,,13.1,,1011.7,
2019-12-19,-4.4,-7.2,-0.6,,,,9.5,,1026.7,
2019-12-20,-1.3,-4.4,3.9,,,,8.7,,1034.5,
2019-12-21,-0.2,-2.8,2.2,,,,7.1,,1035.5,
2019-12-22,3.6,-0.6,8.9,,,259.0,12.9,,1027.1,
2019-12-23,7.6,3.3,13.9,,,,10.5,,1019.0,
2019-12-24,7.1,4.4,11.1,,,,10.2,,1019.5,
2019-12-25,5.0,2.2,8.3,,,,8.7,,1022.6,
2019-12-26,5.7,3.3,7.8,,,50.0,14.2,,1026.3,
2019-12-27,9.6,7.8,11.7,,,,10.9,,1024.1,
2019-12-28,8.5,5.6,11.7,,,,8.8,,1022.6,
2019-12-29,6.1,5.0,7.2,,,,11.1,,1022.0,
2019-12-30,5.2,3.9,6.1,,,33.0,27.3,,1009.4,
2019-12-31,5.2,3.9,7.2,,,,13.7,,1005.1,
2020-01-01,3.6,1.7,5.0,,,,17.3,,1008.2,
2020-01-02,4.7,0.6,8.9,,,,12.4,,1013.9,
2020-01-03,7.6,6.7,8.3,,,257.0,8.4,,1010.2,
2020-01-04,8.2,6.7,9.4,,,,5.7,,1003.7,
2020-01-05,4.6,2.8,7.2,,,,8.2,,1010.1,
2020-01-06,4.0,0.6,7.2,,,256.0,15.9,,1015.3,
2020-01-07,4.7,3.3,6.7,,,286.0,10.4,,1016.2,
2020-01-08,2.6,-0.6,6.7,,,,13.4,,1016.6,
2020-01-09,-0.6,-3.3,2.2,,,,9.1,,1038.8,
2020-01-10,6.4,1.1,11.7,,,265.0,14.5,,1034.5,
2020-01-11,14.6,11.1,18.3,,,,13.3,,1023.3,
2020-01-12,15.7,9.4,19.4,,,,15.5,,1018.1,
2020-01-14,6.3,5.0,7.8,,,,9.9,,1025.3,
2020-01-15,8.2,6.1,11.7,,,,9.0,,1020.9,
2020-01-16,6.7,2.2,10.0,,,,10.6,,1015.1,
2020-01-17,-1.2,-3.9,2.2,,,,8.8,,1034.7,
2020-01-18,-2.2,-5.0,2.8,,,,10.2,,1028.5,
2020-01-19,4.0,0.6,7.2,,,,10.2,,1008.9,
2020-01-20,-1.7,-5.0,2.8,,,,9.1,,1024.2,
2020-01-21,-1.5,-4.4,3.3,,,,8.9,,1030.8,
2020-01-22,1.0,-2.2,5.6,,,,8.1,,1031.3,
2020-01-23,3.5,0.0,7.2,,,264.0,7.5,,1029.4,
2020-01-24,6.5,3.3,11.7,,,32.0,10.6,,1027.4,
2020-01-25,6.6,4.4,10.0,,,23.0,22.9,,1014.5,
2020-01-26,5.5,3.3,8.9,,,260.0,14.9,,1009.3,
2020-01-27,5.1,3.3,8.3,,,,14.7,,1006.6,
2020-01-28,4.9,3.9,7.2,,,,6.3,,1010.2,
2020-01-29,3.5,1.1,7.2,,,,7.8,,1018.2,
2020-01-30,1.3,-1.7,4.4,,,,10.7,,1026.3,
2020-01-31,4.3,2.2,6.1,,,,7.5,,1026.0,
2020-02-01,4.8,3.9,6.1,,,272.0,8.7,,1013.5,
2020-02-02,3.9,2.2,6.1,,,252.0,12.7,,1002.2,
2020-02-03,8.0,2.8,13.9,,,,10.8,,1009.1,
2020-02-04,9.5,6.1,13.9,,,326.0,7.3,,1009.4,
2020-02-05,6.0,4.4,10.6,,,,10.0,,1015.5,
2020-02-06,4.7,3.3,5.6,,,41.0,17.9,,1003.7,
2020-02-07,5.5,1.7,12.2,,,,20.6,,991.2,
2020-02-08,2.6,0.0,6.1,,,,14.2,,1020.5,
2020-02-09,4.1,1.1,7.2,,,30.0,14.0,,1031.5,
2020-02-10,6.4,5.6,7.8,,,243.0,13.6,,1022.3,
2020-02-11,7.6,6.1,9.4,,,,4.7,,1013.8,
2020-02-12,5.9,4.4,8.3,,,,9.0,,1020.3,
2020-02-13,4.7,2.8,6.1,,,,6.4,,1007.8,
2020-02-14,0.8,-5.6,4.4,,,,9.6,,1024.9,
2020-02-15,-3.4,-7.2,0.0,,,,11.9,,1035.1,
2020-02-16,2.9,-1.1,7.8,,,256.0,12.1,,1022.5,
2020-02-17,6.9,3.9,11.1,,,,8.7,,1024.2,
2020-02-18,6.1,3.9,8.9,,,44.0,15.8,,1022.8,
2020-02-19,7.1,2.2,11.1,,,,7.4,,1023.0,
2020-02-20,1.0,-1.7,2.8,,,,9.4,,1030.8,
2020-02-21,-0.6,-3.9,3.3,,,,12.4,,1031.4,
2020-02-22,4.4,-0.6,10.6,,,259.0,17.4,,1024.6,
2020-02-23,7.6,2.2,13.9,,,233.0,10.6,,1021.8,
2020-02-24,8.7,4.4,16.7,,,270.0,6.6,,1017.0,
2020-02-25,8.5,7.2,9.4,,,311.0,6.3,,1012.2,
2020-02-26,7.8,7.2,8.3,,,49.0,14.9,,1012.0,
2020-02-27,4.9,0.6,7.2,,,280.0,28.9,,1001.2,
2020-02-28,2.1,-1.1,5.6,,,262.0,28.0,,1010.7,
2020-02-29,0.4,-1.7,3.3,,,,12.5,,1012.8,
2020-03-01,2.4,-2.8,8.9,,,,10.2,,1020.5,
2020-03-02,9.1,3.9,14.4,,,,10.4,,1015.0,
2020-03-03,10.9,8.9,13.3,,,,9.6,,,
2020-03-04,10.2,7.2,13.9,,,,19.5,,1007.3,
2020-03-05,7.6,4.4,12.2,,,,7.9,,1018.8,
2020-03-06,5.5,3.9,7.8,,,,13.1,,1012.8,
2020-03-07,5.9,3.3,11.1,,,,7.8,,1021.9,
2020-03-08,8.0,2.2,15.0,,,,13.6,,1030.0,
2020-03-09,13.4,6.7,21.7,,,264.0,15.1,,1027.1,
2020-03-10,14.5,11.1,17.2,,,267.0,17.5,,1018.5,
2020-03-11,10.8,7.0,14.4,,,,,,,
2020-03-12,8.2,6.7,8.9,,,43.0,11.1,,1020.7,
2020-03-13,13.1,8.9,20.6,,,,,,,
2020-03-14,10.1,7.0,15.0,,,,,,,
2020-03-15,9.1,6.7,13.9,,,,8.7,,1030.5,
2020-03-16,5.2,1.7,7.8,,,65.0,17.9,,1034.6,
2020-03-17,8.3,5.6,11.7,,,,10.4,,1023.2,
2020-03-18,8.8,6.1,12.2,,,,8.3,,1030.6,
2020-03-19,8.3,6.1,10.6,,,34.0,14.3,,1024.8,
2020-03-20,13.6,8.3,22.8,,,268.0,9.4,,1014.8,
2020-03-21,10.6,6.7,18.9,,,,10.2,,1024.1,
2020-03-22,5.0,2.2,8.3,,,58.0,19.6,,1036.7,
2020-03-23,4.3,3.9,5.6,,,46.0,21.4,,1026.9,
2020-03-24,8.1,3.3,14.4,,,,8.8,,1019.5,
2020-03-25,6.5,5.6,7.2,,,38.0,21.1,,1018.6,
2020-03-26,8.7,4.4,15.6,,,57.0,9.6,,1015.8,
2020-03-27,14.2,10.0,21.1,,,,6.9,,1011.2,
2020-03-28,9.5,7.8,12.8,,,41.0,18.7,,1018.9,
2020-03-29,7.9,7.2,8.3,,,30.0,25.2,,1014.1,
2020-03-30,8.4,6.7,10.0,,,60.0,9.8,,1014.1,
2020-03-31,6.7,5.6,7.8,,,105.0,11.7,,1016.2,
2020-04-01,8.7,4.4,14.4,,,,13.1,,1009.5,
2020-04-02,10.0,4.4,16.1,,,,5.4,,1005.8,
2020-04-03,10.2,7.8,11.7,,,,8.3,,1005.4,
2020-04-04,11.0,8.3,16.1,,,,10.7,,1015.1,
2020-04-05,11.3,7.8,18.3,,,307.0,6.3,,1016.9,
2020-04-06,13.7,10.0,18.3,,,,8.5,,1016.0,
2020-04-07,14.0,10.0,18.9,,,226.0,9.3,,1012.4,
2020-04-08,14.2,10.0,19.4,,,,7.8,,1001.7,
2020-04-09,10.9,8.3,14.4,,,,7.3,,996.0,
2020-04-10,7.2,4.4,9.4,,,,14.6,,997.6,
2020-04-11,9.2,4.4,13.9,,,,10.1,,1012.5,
2020-04-12,12.3,7.8,18.3,,,81.0,7.0,,1020.7,
2020-04-13,14.6,12.2,18.3,,,,16.4,,1008.0,
2020-04-14,11.8,8.9,16.1,,,,9.5,,1016.4,
2020-04-15,9.5,6.1,12.8,,,,10.7,,1014.7,
2020-04-16,8.2,5.0,11.1,,,,14.2,,1018.7,
2020-04-17,6.5,3.3,10.0,,,248.0,14.6,,1022.9,
2020-04-18,7.5,6.7,8.9,,,,10.4,,1009.8,
2020-04-19,10.4,4.4,16.1,,,255.0,16.5,,1011.5,
2020-04-20,11.9,9.4,13.9,,,,6.9,,1004.7,
2020-04-21,10.2,6.7,15.0,,,,11.0,,1002.4,
2020-04-22,7.7,3.3,12.8,,,,10.1,,1011.3,
2020-04-23,7.6,5.6,11.7,,,,5.9,,1017.5,
2020-04-24,8.5,6.7,10.0,,,35.0,16.1,,1008.4,
2020-04-25,11.8,7.8,18.3,,,259.0,6.4,,1017.2,
2020-04-26,9.3,7.2,10.6,,,,20.1,,1012.1,
2020-04-27,7.8,5.6,10.6,,,,8.2,,1012.9,
2020-04-28,11.8,5.6,19.4,,,,7.5,,1019.8,
2020-04-29,10.8,8.9,13.3,,,51.0,19.9,,1022.8,
2020-04-30,12.5,10.6,15.0,,,75.0,20.6,,1016.7,
2020-05-01,14.6,11.7,19.4,,,,4.6,,1006.5,
2020-05-02,17.3,11.1,23.3,,,,6.5,,1013.3,
2020-05-03,18.9,12.8,26.1,,,260.0,11.0,,1008.1,
2020-05-04,17.7,11.1,22.8,,,,7.0,,1006.1,
2020-05-05,13.1,8.3,18.3,,,,7.2,,1012.5,
2020-05-06,10.5,8.3,12.8,,,36.0,14.2,,1010.6,
2020-05-07,13.9,8.3,20.6,,,,12.9,,1008.1,
2020-05-08,10.5,7.8,15.6,,,,7.7,,1008.5,
2020-05-09,6.0,2.2,9.4,,,,10.3,,1010.8,
2020-05-10,11.1,4.4,17.8,,,260.0,23.9,,1017.8,
2020-05-11,12.0,8.9,16.1,,,,12.4,,1011.8,
2020-05-12,11.6,7.2,16.7,,,,6.7,,1016.6,
2020-05-13,11.9,6.1,18.9,,,,8.6,,1025.0,
2020-05-14,14.9,10.0,18.9,,,296.0,7.1,,1024.3,
2020-05-15,21.1,15.6,27.2,,,260.0,13.7,,1013.9,
2020-05-16,21.0,17.8,25.0,,,,5.7,,1016.6,
2020-05-17,15.6,13.3,18.9,,,118.0,13.5,,1024.9,
2020-05-18,16.3,13.3,20.6,,,52.0,13.7,,1021.0,
2020-05-19,15.7,12.8,19.4,,,47.0,24.1,,1023.9,
2020-05-20,14.2,11.1,18.9,,,64.0,18.6,,1030.2,
2020-05-21,14.1,10.0,19.4,,,,9.5,,1029.0,
2020-05-22,17.6,12.8,24.4,,,305.0,4.6,,1021.5,
2020-05-23,16.4,13.9,19.4,,,32.0,14.1,,1016.6,
2020-05-24,15.6,12.2,21.1,,,54.0,16.8,,1024.0,
2020-05-25,17.0,13.3,22.8,,,34.0,9.1,,1023.3,
2020-05-26,18.0,14.4,23.9,,,245.0,8.1,,1023.2,
2020-05-27,18.5,15.0,24.4,,,321.0,5.7,,1023.7,
2020-05-28,20.0,16.7,23.9,,,110.0,6.9,,1021.5,
2020-05-29,22.8,18.3,27.2,,,,5.6,,1015.6,
2020-05-30,23.4,19.4,28.3,,,,9.2,,1012.0,
2020-05-31,18.8,14.4,22.8,,,,7.2,,1017.6,
2020-06-01,17.4,11.7,23.3,,,,8.5,,1021.8,
2020-06-02,19.3,15.0,23.3,,,268.0,9.9,,1015.4,
2020-06-03,21.0,16.1,26.1,,,265.0,11.7,,1005.1,
2020-06-04,23.8,19.4,30.6,,,,6.9,,1010.5,
2020-06-05,22.5,20.0,28.3,,,264.0,7.9,,1012.5,
2020-06-06,24.8,21.0,30.0,,,,5.2,,1008.2,
2020-06-07,22.4,17.8,26.7,,,,7.0,,1012.0,
2020-06-08,21.8,17.2,27.8,,,,8.3,,1016.0,
2020-06-09,24.5,18.3,30.6,,,247.0,10.4,,1013.9,
2020-06-10,24.4,21.7,28.3,,,,10.6,,1014.7,
2020-06-11,23.4,21.7,27.2,,,250.0,9.6,,1015.6,
2020-06-12,25.0,20.6,29.4,,,265.0,7.4,,1017.9,
2020-06-13,21.0,16.7,25.6,,,,9.6,,1021.5,
2020-06-14,18.9,14.4,24.4,,,70.0,13.1,,1027.8,
2020-06-15,19.6,17.2,23.3,,,,13.8,,1029.1,
2020-06-16,20.5,17.2,25.0,,,54.0,12.5,,1028.0,
2020-06-17,20.6,17.8,26.1,,,61.0,16.1,,1024.6,
2020-06-18,21.0,18.9,24.4,,,97.0,11.7,,1021.9,
2020-06-19,22.3,18.3,27.2,,,212.0,8.5,,1020.1,
2020-06-20,24.2,20.6,29.4,,,256.0,7.1,,1017.9,
2020-06-21,24.8,20.6,30.0,,,240.0,6.2,,1016.0,
2020-06-22,26.1,21.7,32.2,,,,9.3,,1014.0,
2020-06-23,25.6,22.8,28.9,,,,9.0,,1008.9,
2020-06-24,26.4,23.3,30.0,,,268.0,12.8,,1006.5,
2020-06-25,25.1,22.2,29.4,,,232.0,8.6,,1014.2,
2020-06-26,25.5,20.6,30.6,,,,8.8,,1014.0,
2020-06-27,24.1,21.7,26.1,,,263.0,8.0,,1009.1,
2020-06-28,25.8,22.2,31.1,,,243.0,7.9,,1006.9,
2020-06-29,25.3,21.7,31.7,,,,6.3,,1009.2,
2020-06-30,23.1,20.6,27.2,,,,5.9,,1012.1,
2020-07-01,22.8,19.4,25.6,,,,,,1011.7,
2020-07-02,26.4,21.1,32.2,,,,,,1009.9,
2020-07-03,27.8,23.3,32.8,,,,6.2,,1010.1,
2020-07-04,24.6,21.1,31.1,,,,10.7,,1013.1,
2020-07-05,26.9,22.2,33.9,,,254.0,6.6,,1014.0,
2020-07-06,26.1,22.2,33.9,,,282.0,8.6,,1016.7,
2020-07-07,25.0,22.8,27.8,,,,11.8,,1019.1,
2020-07-08,25.8,23.9,30.0,,,268.0,5.6,,1016.2,
2020-07-09,26.7,23.3,31.7,,,234.0,8.5,,1015.6,
2020-07-10,24.3,23.3,25.6,,,52.0,19.8,,1010.4,
2020-07-11,26.1,23.3,30.6,,,222.0,14.1,,1005.3,
2020-07-12,27.3,22.8,32.2,,,261.0,14.9,,1006.4,
2020-07-13,27.2,22.8,32.2,,,262.0,9.7,,1008.9,
2020-07-14,27.0,22.2,31.7,,,,7.3,,1014.0,
2020-07-15,25.0,22.8,28.9,,,92.0,12.9,,1021.5,
2020-07-16,23.5,21.7,26.1,,,136.0,13.1,,1025.7,
2020-07-17,24.9,21.1,31.1,,,204.0,8.3,,1020.0,
2020-07-18,28.3,23.9,35.0,,,316.0,4.3,,1017.4,
2020-07-19,29.0,24.4,35.0,,,231.0,10.5,,1013.7,
2020-07-20,30.4,26.7,35.0,,,267.0,9.5,,1010.9,
2020-07-21,29.4,26.7,33.9,,,261.0,6.3,,1015.7,
2020-07-22,27.8,23.3,34.4,,,,6.9,,1016.3,
2020-07-23,26.6,23.3,31.7,,,244.0,11.6,,1016.5,
2020-07-24,25.0,23.3,26.7,,,38.0,10.4,,1018.0,
2020-07-25,27.5,23.9,32.2,,,253.0,7.6,,1018.6,
2020-07-26,29.5,25.0,34.4,,,249.0,12.5,,1015.4,
2020-07-27,30.3,25.6,35.0,,,253.0,13.2,,1010.2,
2020-07-28,29.8,26.7,33.3,,,262.0,10.8,,1008.9,
2020-07-29,29.0,25.0,32.8,,,282.0,5.9,,1012.5,
2020-07-30,29.2,25.6,33.3,,,259.0,8.2,,1010.9,
2020-07-31,24.7,22.2,28.3,,,14.0,8.2,,1009.9,
2020-08-01,27.2,23.3,32.8,,,240.0,8.3,,1013.4,
2020-08-02,28.1,25.0,32.2,,,,13.1,,1012.9,
2020-08-03,28.4,23.9,32.8,,,258.0,12.4,,1015.8,
2020-08-04,25.1,22.2,27.2,,,20.0,19.1,,1011.3,
2020-08-05,27.3,23.9,31.7,,,258.0,11.5,,1015.7,
2020-08-06,25.5,23.9,28.3,,,7.0,7.5,,1019.3,
2020-08-07,24.2,21.1,27.2,,,62.0,11.4,,1019.9,
2020-08-08,25.1,22.8,30.6,,,,8.2,,1020.6,
2020-08-09,26.4,22.8,31.1,,,220.0,9.8,,1019.5,
2020-08-10,28.4,24.0,33.3,,,,,,,
2020-08-11,28.0,25.0,31.7,,,229.0,9.1,,1014.7,
2020-08-12,27.8,25.6,33.3,,,,,,,
2020-08-13,25.5,23.3,26.1,,,42.0,8.6,,1018.5,
2020-08-14,27.3,23.9,31.7,,,48.0,13.8,,1016.1,
2020-08-15,25.8,23.3,30.0,,,44.0,17.6,,1016.0,
2020-08-16,21.4,20.6,22.8,,,33.0,19.0,,1014.6,
2020-08-17,23.1,20.0,28.9,,,232.0,8.5,,1012.8,
2020-08-18,24.3,19.4,30.0,,,256.0,7.1,,1011.1,
2020-08-19,23.4,20.6,26.7,,,18.0,7.6,,1013.5,
2020-08-20,24.1,19.4,29.4,,,289.0,7.4,,1017.2,
2020-08-21,25.4,20.6,31.1,,,246.0,12.8,,1014.7,
2020-08-22,26.7,23.3,31.7,,,249.0,10.2,,1013.9,
2020-08-23,26.4,23.3,31.7,,,232.0,8.8,,1017.2,
2020-08-24,27.8,23.9,32.2,,,258.0,7.8,,1015.4,
2020-08-25,27.6,23.9,32.8,,,260.0,12.6,,1009.9,
2020-08-26,24.3,20.6,28.3,,,,3.3,,1013.4,
2020-08-27,26.3,21.1,32.8,,,268.0,11.3,,1008.5,
2020-08-28,25.5,22.2,31.1,,,247.0,11.2,,1009.6,
2020-08-29,24.6,22.8,27.8,,,242.0,12.4,,1002.8,
2020-08-30,24.4,20.6,28.9,,,,4.8,,1006.7,
2020-08-31,22.8,20.6,25.6,,,62.0,10.7,,1018.2,
2020-09-01,23.2,19.4,27.8,,,90.0,12.1,,1019.7,
2020-09-02,24.3,21.7,27.8,,,,9.0,,1013.0,
2020-09-03,26.2,23.3,32.2,,,,6.4,,1008.8,
2020-09-04,26.0,21.7,31.7,,,,7.2,,1011.6,
2020-09-05,24.1,20.6,28.3,,,,9.5,,1021.3,
2020-09-06,23.6,20.0,28.9,,,223.0,10.7,,1021.5,
2020-09-07,23.4,20.6,27.2,,,206.0,10.5,,1019.5,
2020-09-08,24.2,21.7,28.9,,,297.0,6.2,,1021.0,
2020-09-09,24.3,22.2,27.2,,,103.0,8.2,,1025.1,
2020-09-10,24.9,23.3,28.3,,,2.0,9.5,,1023.1,
2020-09-11,24.0,20.6,27.2,,,,10.5,,1021.3,
2020-09-12,20.7,18.3,23.3,,,,14.4,,1025.5,
2020-09-13,22.0,18.3,25.6,,,112.0,13.1,,1020.1,
2020-09-14,22.9,18.3,26.1,,,,7.5,,1019.3,
2020-09-15,17.6,13.9,22.2,,,76.0,12.9,,1026.3,
2020-09-16,19.2,15.6,23.3,,,234.0,11.9,,1023.3,
2020-09-17,21.4,18.9,25.0,,,233.0,9.6,,1017.0,
2020-09-18,20.5,17.2,23.3,,,,12.2,,1015.0,
2020-09-19,16.2,11.7,20.6,,,,12.6,,1026.0,
2020-09-20,16.1,12.2,20.0,,,40.0,19.7,,1032.4,
2020-09-21,16.8,12.8,21.1,,,51.0,14.5,,1033.3,
2020-09-22,18.1,12.2,25.0,,,,5.6,,1019.5,
2020-09-23,21.7,16.1,28.3,,,,4.2,,1011.8,
2020-09-24,21.2,17.8,24.4,,,272.0,6.6,,1015.2,
2020-09-25,20.9,17.8,25.6,,,263.0,5.9,,1018.8,
2020-09-26,21.0,18.9,23.9,,,102.0,8.4,,1018.7,
2020-09-27,22.6,20.0,27.2,,,21.0,7.3,,1015.2,
2020-09-28,22.7,21.1,26.7,,,191.0,10.7,,1012.9,
2020-09-29,21.7,20.6,23.3,,,,7.5,,1010.9,
2020-09-30,19.6,16.7,22.2,,,,21.1,,1005.8,
2020-10-01,19.3,16.7,22.8,,,254.0,15.6,,1012.9,
2020-10-02,17.2,14.4,21.1,,,,8.7,,1015.5,
2020-10-03,16.8,13.3,21.1,,,,7.2,,1022.0,
2020-10-06,18.0,14.4,22.2,,,253.0,11.7,,1019.1,
2020-10-07,19.3,16.1,23.9,,,,16.0,,1008.0,
2020-10-08,16.7,13.9,20.6,,,,7.1,,1014.6,
2020-10-09,16.9,12.2,22.8,,,248.0,10.6,,1021.8,
2020-10-10,18.8,15.6,21.7,,,248.0,18.0,,1016.3,
2020-10-11,18.6,16.7,20.0,,,42.0,14.5,,1018.8,
2020-10-12,13.1,11.7,16.7,,,38.0,26.9,,1021.2,
2020-10-13,14.7,13.3,16.1,,,,12.1,,1012.3,
2020-10-14,16.5,12.8,21.7,,,,9.9,,1015.1,
2020-10-15,18.5,15.0,23.3,,,231.0,11.6,,1016.1,
2020-10-16,15.0,11.1,18.9,,,,7.6,,1018.1,
2020-10-17,13.1,8.9,18.3,,,,7.6,,1025.3,
2020-10-18,14.5,11.1,17.8,,,,10.3,,1030.9,
2020-10-19,16.5,13.9,20.0,,,,9.5,,1027.3,
2020-10-20,18.1,16.1,22.8,,,275.0,5.5,,1024.3,
2020-10-21,18.2,16.1,22.8,,,91.0,4.4,,1024.8,
2020-10-22,18.9,18.0,20.0,,,305.0,4.3,,1024.0,
2020-10-23,18.0,17.2,20.6,,,174.0,5.5,,1022.0,
2020-10-24,17.4,12.2,22.8,,,,6.9,,1015.0,
2020-10-25,11.1,8.9,13.3,,,,15.6,,1023.3,
2020-10-26,13.6,11.7,15.6,,,31.0,13.1,,1021.7,
2020-10-27,14.8,13.3,16.1,,,,6.6,,1021.0,
2020-10-28,13.7,12.2,15.0,,,357.0,8.7,,1017.2,
2020-10-29,12.0,9.4,14.4,,,,,,,
2020-10-30,7.4,5.6,9.4,,,,16.6,,1012.5,
2020-10-31,6.8,3.3,9.4,,,,,,,
2020-11-01,11.0,7.8,13.3,,,,13.7,,1016.7,
2020-11-02,7.1,5.0,10.0,,,,13.9,,1010.1,
2020-11-03,9.6,5.6,13.9,,,,18.0,,1017.2,
2020-11-04,12.5,6.7,19.4,,,350.0,11.0,,1030.7,
2020-11-05,14.9,11.1,20.6,,,,8.8,,1029.7,
2020-11-06,16.7,12.8,22.8,,,256.0,9.9,,1025.1,
2020-11-07,17.9,12.8,25.0,,,252.0,9.5,,1024.7,
2020-11-08,17.1,12.8,24.4,,,265.0,5.4,,1027.5,
2020-11-09,17.5,11.7,25.6,,,255.0,5.6,,1026.6,
2020-11-10,18.5,14.4,23.3,,,266.0,9.6,,1022.4,
2020-11-11,19.0,17.8,21.1,,,,8.7,,1016.6,
2020-11-12,14.1,9.4,19.4,,,25.0,13.3,,1015.4,
2020-11-13,10.5,9.4,12.2,,,,10.9,,1016.1,
2020-11-14,10.4,8.3,13.9,,,,8.2,,1021.2,
2020-11-15,11.6,7.2,16.7,,,105.0,19.4,,1017.2,
2020-11-16,11.3,9.4,13.3,,,,16.6,,1013.5,
2020-11-17,7.6,4.4,10.0,,,,8.8,,1015.9,
2020-11-18,3.0,1.1,5.6,,,,7.9,,1030.7,
2020-11-19,5.3,0.6,10.0,,,,15.7,,1034.3,
2020-11-20,12.0,7.8,18.3,,,243.0,13.7,,1027.5,
2020-11-21,13.6,10.6,19.4,,,219.0,7.9,,1027.3,
2020-11-22,10.4,7.8,13.9,,,42.0,20.5,,1028.2,
2020-11-23,11.6,6.7,15.0,,,,7.3,,1015.9,
2020-11-24,8.2,6.1,12.2,,,,9.4,,1026.6,
2020-11-25,10.4,8.3,12.2,,,273.0,8.4,,1026.6,
2020-11-26,15.1,12.8,18.3,,,,9.2,,1017.0,
2020-11-27,13.0,10.6,16.7,,,234.0,8.4,,1017.2,
2020-11-28,11.0,7.8,14.4,,,,6.8,,1016.1,
2020-11-29,9.5,6.1,14.4,,,247.0,9.5,,1020.5,
2020-11-30,13.9,10.0,16.7,,,,16.4,,1005.2,
2020-12-01,10.1,4.4,15.0,,,251.0,22.6,,1002.5,
2020-12-02,5.0,3.3,7.8,,,265.0,27.0,,1014.6,
2020-12-03,6.5,2.2,11.1,,,255.0,16.9,,1022.5,
2020-12-04,8.6,7.2,10.6,,,246.0,12.7,,1017.7,
2020-12-05,7.1,4.4,9.4,,,,10.0,,1006.4,
2020-12-06,4.3,1.7,7.8,,,,6.4,,1009.7,
2020-12-07,3.0,0.6,7.8,,,,9.7,,1008.6,
2020-12-08,2.2,0.0,5.6,,,,7.0,,1008.6,
2020-12-09,2.3,1.7,3.3,,,259.0,17.2,,1010.3,
2020-12-10,6.7,2.8,11.1,,,,8.5,,1018.0,
2020-12-11,9.1,5.0,14.4,,,250.0,8.6,,1022.1,
2020-12-12,11.1,8.9,13.9,,,327.0,9.5,,1018.1,
2020-12-13,12.0,8.9,16.1,,,270.0,10.5,,1014.9,
2020-12-14,5.7,3.3,8.9,,,,7.5,,1014.2,
2020-12-15,3.2,1.7,7.0,,,,9.0,,1024.8,
2020-12-16,-0.3,-1.7,1.1,,,35.0,27.7,,1025.7,
2020-12-17,0.1,-2.8,2.8,,,,14.8,,1012.9,
2020-12-18,-0.4,-2.2,1.7,,,,7.3,,1025.2,
2020-12-19,-1.0,-3.9,1.1,,,,8.0,,1028.9,
2020-12-20,2.2,0.0,4.4,,,277.0,5.9,,1021.3,
2020-12-21,5.2,3.9,8.9,,,255.0,8.1,,1010.5,
2020-12-22,5.7,3.3,8.9,,,,8.2,,1011.1,
2020-12-23,5.2,3.3,7.8,,,246.0,8.1,,1027.8,
2020-12-24,11.6,5.6,14.4,,,,12.5,,1018.6,
2020-12-25,9.1,0.0,15.0,,,215.0,23.5,,1002.1,
2020-12-26,-1.3,-3.3,1.7,,,262.0,25.3,,1013.4,
2020-12-27,0.4,-3.3,5.6,,,240.0,10.9,,1025.2,
2020-12-28,6.8,2.2,12.2,,,,9.3,,1022.0,
2020-12-29,3.8,0.0,6.1,,,,6.8,,1028.7,
2020-12-30,2.3,-0.6,5.0,,,246.0,12.0,,1028.9,
2020-12-31,6.3,3.3,8.9,,,,9.7,,1020.8,
2021-01-01,3.6,2.2,4.4,,,36.0,13.2,,1029.4,
2021-01-02,6.3,3.3,12.2,6.1,,319.0,11.6,,1012.9,
2021-01-03,3.4,2.8,4.4,5.7,,33.0,22.4,,1017.1,
2021-01-04,4.6,2.8,7.2,0.7,,7.0,8.1,,1015.0,
2021-01-05,4.4,3.3,5.6,0.0,,0.0,8.1,,1013.5,
2021-01-06,4.1,2.2,7.8,0.4,,323.0,6.9,,1015.6,
2021-01-07,3.2,0.6,8.3,0.2,,327.0,6.0,,1019.0,
2021-01-08,1.4,-1.1,3.9,0.0,,9.0,10.2,,1015.6,
2021-01-09,1.1,-2.2,3.9,0.0,,12.0,8.0,,1012.6,
2021-01-10,3.0,0.0,8.3,0.0,,353.0,6.7,,1022.3,
2021-01-11,1.5,0.0,3.0,0.0,,295.0,5.0,,1025.4,
2021-01-12,3.7,0.6,8.3,0.0,,254.0,9.3,,1020.1,
2021-01-13,4.1,2.2,6.7,0.0,,257.0,11.0,,1016.6,
2021-01-14,6.4,3.3,11.1,0.0,,279.0,6.7,,1010.9,
2021-01-15,6.0,3.9,7.8,4.2,,46.0,21.3,,1013.4,
2021-01-16,6.2,3.9,8.3,14.6,,289.0,15.9,,998.5,
2021-01-17,4.8,2.8,7.8,0.0,,267.0,22.7,,1003.5,
2021-01-18,5.3,3.3,8.3,0.1,,265.0,14.7,,1008.2,
2021-01-19,3.5,1.7,6.1,0.0,,264.0,17.1,,1017.8,
2021-01-20,2.4,-1.1,5.6,1.5,,298.0,7.5,,1014.9,
2021-01-21,1.7,-2.2,6.1,0.0,,251.0,11.8,,1009.2,
2021-01-22,4.7,3.3,7.2,0.0,,271.0,12.6,,1006.7,
2021-01-23,0.1,-3.3,2.8,0.0,,308.0,8.0,,1017.8,
2021-01-24,-1.4,-3.9,2.2,0.0,,310.0,6.7,,1021.7,
2021-01-25,0.7,-3.3,5.0,0.0,,341.0,8.3,,1020.0,
2021-01-26,1.6,0.6,2.2,7.0,,38.0,18.6,,1015.1,
2021-01-27,2.5,0.6,3.9,0.5,,331.0,6.5,,1016.2,
2021-01-28,-0.5,-5.0,2.8,0.0,,336.0,6.1,,1019.0,
2021-01-29,-4.6,-7.2,-1.1,0.0,,324.0,8.1,,1020.4,
2021-01-30,-3.0,-7.2,3.3,0.0,,309.0,8.3,,1025.7,
2021-01-31,-3.4,-4.4,-2.2,1.9,,50.0,14.7,,1025.7,
2021-02-01,-0.7,-3.9,1.1,24.0,,30.0,30.8,,1009.6,
2021-02-02,0.6,-0.6,1.1,2.4,,356.0,8.7,,997.2,
2021-02-03,1.1,-1.1,3.9,0.0,,325.0,4.4,,1000.2,
2021-02-04,3.1,0.0,8.3,0.0,,275.0,8.3,,1010.5,
2021-02-05,5.1,1.7,9.4,1.5,,246.0,9.1,,1006.8,
2021-02-06,3.7,0.6,7.2,0.0,,255.0,15.3,,1016.3,
2021-02-07,1.6,-2.2,3.3,9.8,,12.0,11.7,,1015.3,
2021-02-08,-2.8,-7.2,1.7,0.0,,267.0,10.4,,1028.7,
2021-02-09,-0.2,-2.8,1.7,2.4,,20.0,10.7,,1024.2,
2021-02-10,0.0,-2.2,3.0,0.6,,297.0,7.9,,1026.4,
2021-02-11,-0.8,-2.0,1.1,4.6,,10.0,11.2,,1024.9,
2021-02-12,-2.0,-4.0,0.0,0.0,,9.0,9.8,,1027.7,
2021-02-13,-1.2,-2.2,0.0,1.1,,40.0,17.7,,1025.8,
2021-02-14,1.1,-1.1,3.3,0.2,,24.0,10.9,,1023.8,
2021-02-15,1.7,1.1,2.8,1.2,,44.0,14.2,,1022.1,
2021-02-16,5.5,1.7,11.1,11.3,,286.0,18.4,,1006.7,
2021-02-17,-0.6,-3.9,2.2,0.0,,310.0,7.1,,1026.9,
2021-02-18,-1.6,-3.3,0.0,5.7,,41.0,19.5,,1029.0,
2021-02-19,0.2,-1.7,2.0,7.3,,13.0,16.6,,1019.8,
2021-02-20,0.4,-3.0,3.0,0.0,,298.0,16.3,,1019.9,
2021-02-21,0.3,-3.0,4.4,0.0,,271.0,11.7,,1031.8,
2021-02-22,1.3,0.0,3.3,9.6,,240.0,12.2,,1017.9,
2021-02-23,4.2,1.7,7.2,0.2,,264.0,13.3,,1006.5,
2021-02-24,7.8,3.9,13.3,0.0,,245.0,10.8,,1014.4,
2021-02-25,7.8,4.4,11.1,0.0,,297.0,8.2,,1018.1,
2021-02-26,4.5,1.7,7.2,0.0,,223.0,10.9,,1030.3,
2021-02-27,6.7,4.4,10.0,6.8,,319.0,13.1,,1022.3,
2021-02-28,5.7,5.0,6.7,4.5,,31.0,13.1,,1022.9,
2021-03-01,5.8,2.2,8.9,6.2,,309.0,9.7,,1006.9,
2021-03-02,-0.5,-5.0,3.3,0.0,,292.0,8.9,,1020.3,
2021-03-03,5.4,0.0,11.1,0.0,,265.0,13.5,,1013.1,
2021-03-04,4.6,-1.1,7.8,0.0,,311.0,6.5,,1010.7,
2021-03-05,0.5,-3.9,5.0,0.0,,305.0,6.6,,1012.5,
2021-03-06,1.0,-1.1,3.3,0.0,,292.0,8.5,,1018.7,
2021-03-07,2.1,-1.1,7.2,0.0,,307.0,7.6,,1026.6,
2021-03-08,2.5,-2.2,7.8,0.0,,291.0,9.7,,1030.2,
2021-03-09,10.2,3.9,18.3,0.1,,298.0,9.5,,1027.3,
2021-03-10,8.6,5.6,11.7,0.0,,89.0,11.5,,1032.7,
2021-03-11,12.9,5.6,21.1,0.0,,324.0,7.7,,1023.7,
2021-03-12,16.2,12.2,21.1,0.2,,276.0,15.0,,1018.4,
2021-03-13,6.6,1.7,11.7,0.0,,284.0,13.5,,1022.6,
2021-03-14,7.3,1.7,12.2,0.0,,291.0,9.3,,1016.4,
2021-03-15,1.3,-2.8,6.1,0.0,,335.0,6.7,,1026.0,
2021-03-16,1.5,-0.6,3.3,0.0,,95.0,10.3,,1025.9,
2021-03-17,4.7,2.2,7.2,0.0,,34.0,10.5,,1022.0,
2021-03-18,6.8,6.1,7.2,11.2,,15.0,11.8,,1014.3,
2021-03-19,4.6,1.1,8.3,2.0,,53.0,14.6,,1021.1,
2021-03-20,7.2,1.7,15.0,0.0,,302.0,5.7,,1033.7,
2021-03-21,9.7,4.4,16.7,0.0,,298.0,4.1,,1033.9,
2021-03-22,9.1,1.8,15.0,0.0,,35.0,7.3,,1029.7,
2021-03-23,10.4,6.1,16.7,0.0,,64.0,12.6,,1025.8,
2021-03-24,10.7,8.3,12.8,24.8,,38.0,18.1,,1021.2,
2021-03-25,12.4,9.4,17.8,1.1,,341.0,5.7,,1017.6,
2021-03-26,16.8,10.6,25.0,1.7,,321.0,16.0,,1008.7,
2021-03-27,13.8,10.0,20.0,0.0,,280.0,6.9,,1019.6,
2021-03-28,12.5,10.0,16.1,17.9,,16.0,9.2,,1008.6,
2021-03-29,10.6,7.8,15.0,0.0,,293.0,9.7,,1014.6,
2021-03-30,10.5,6.7,14.4,0.0,,123.0,13.2,,1028.2,
2021-03-31,13.2,10.0,17.2,6.2,,340.0,4.7,,1018.8,
2021-04-01,8.6,5.0,13.9,3.1,,326.0,5.8,,1010.8,
2021-04-02,2.7,-0.6,5.0,0.0,,326.0,7.9,,1021.7,
2021-04-03,6.3,0.6,13.3,0.2,,285.0,8.4,,1026.3,
2021-04-04,11.1,7.2,16.1,0.0,,285.0,5.5,,1018.8,
2021-04-05,14.5,8.9,20.6,0.0,,313.0,5.8,,1014.1,
2021-04-06,14.8,8.3,21.7,0.0,,291.0,7.3,,1014.2,
2021-04-07,14.5,11.1,20.6,1.1,,43.0,5.4,,1015.8,
2021-04-08,13.8,9.4,19.4,0.0,,245.0,6.8,,1019.6,
2021-04-09,10.5,9.4,12.8,0.0,,141.0,7.8,,1021.6,
2021-04-10,12.7,9.4,17.2,0.4,,297.0,5.5,,1015.5,
2021-04-11,12.0,9.4,13.9,17.6,,36.0,16.9,,1004.2,
2021-04-12,8.6,7.8,10.0,7.9,,29.0,16.6,,1008.7,
2021-04-13,12.2,7.8,18.9,3.1,,41.0,8.7,,1016.9,
2021-04-14,13.6,8.3,20.6,0.2,,261.0,8.1,,1016.3,
2021-04-15,11.5,8.3,13.9,8.9,,25.0,7.8,,1007.4,
2021-04-16,8.7,6.1,11.1,2.9,,310.0,6.2,,1004.7,
2021-04-17,10.2,6.7,13.3,0.0,,295.0,6.2,,1008.3,
2021-04-18,12.8,9.4,17.2,0.5,,271.0,6.2,,1010.4,
2021-04-19,14.0,10.6,18.3,0.0,,242.0,6.7,,1011.1,
2021-04-20,16.2,10.6,22.2,0.0,,253.0,12.5,,1012.8,
2021-04-21,13.2,5.6,18.9,4.0,,260.0,10.2,,1006.4,
2021-04-22,6.6,3.3,10.0,0.2,,285.0,9.4,,1011.0,
2021-04-23,11.2,5.0,18.3,0.2,,268.0,13.6,,1015.2,
2021-04-24,14.8,9.4,21.1,0.0,,238.0,10.1,,1015.1,
2021-04-25,13.3,9.4,17.8,13.0,,1.0,6.7,,1007.5,
2021-04-26,11.8,6.1,17.2,0.0,,315.0,5.9,,1015.8,
2021-04-27,12.5,8.9,17.8,0.0,,211.0,7.5,,1017.8,
2021-04-28,17.2,11.1,24.4,0.0,,19.0,7.8,,1010.7,
2021-04-29,18.4,14.4,22.2,2.1,,314.0,6.4,,1005.2,
2021-04-30,17.2,11.1,20.0,1.4,,289.0,13.6,,998.5,
2021-05-01,12.6,6.7,19.4,0.0,,286.0,10.2,,1010.8,
2021-05-02,19.0,13.3,26.7,0.4,,262.0,16.5,,1008.1,
2021-05-03,15.9,12.2,17.8,4.2,,46.0,16.1,,1010.4,
2021-05-04,15.1,11.7,22.8,6.9,,88.0,12.6,,1007.5,
2021-05-05,12.7,11.7,15.0,7.9,,35.0,10.5,,1007.0,
2021-05-06,14.8,10.6,20.0,0.0,,306.0,6.5,,1013.1,
2021-05-07,14.1,11.7,18.3,0.0,,51.0,11.3,,1012.9,
2021-05-08,11.2,10.0,12.2,3.1,,139.0,9.4,,1011.9,
2021-05-09,11.3,8.3,17.2,4.7,,256.0,12.8,,1016.4,
2021-05-10,12.3,8.9,16.1,5.1,,321.0,10.9,,1011.9,
2021-05-11,14.6,11.1,19.4,0.0,,274.0,9.5,,1017.0,
2021-05-12,14.7,8.9,21.7,0.0,,316.0,5.2,,1021.0,
2021-05-13,16.4,11.7,21.7,0.0,,262.0,7.8,,1022.8,
2021-05-14,18.2,12.8,24.4,0.2,,251.0,8.6,,1023.0,
2021-05-15,19.0,12.8,23.9,0.1,,271.0,6.3,,1023.6,
2021-05-16,18.4,15.6,22.8,0.3,,257.0,8.6,,1024.4,
2021-05-17,19.1,13.9,24.4,0.0,,286.0,5.8,,1025.4,
2021-05-18,21.2,14.4,26.7,0.0,,253.0,12.1,,1025.5,
2021-05-19,23.4,17.2,30.6,0.0,,329.0,5.9,,1025.6,
2021-05-20,19.4,15.6,23.9,0.0,,148.0,7.8,,1031.4,
2021-05-21,19.3,13.9,25.6,0.2,,243.0,6.5,,1031.9,
2021-05-22,24.0,17.8,31.1,0.0,,328.0,3.8,,1021.8,
2021-05-23,26.2,21.1,31.7,0.2,,341.0,6.1,,1013.9,
2021-05-24,17.2,14.4,21.1,0.0,,108.0,17.1,,1024.9,
2021-05-25,18.2,14.4,22.8,0.0,,217.0,10.6,,1024.0,
2021-05-26,22.4,17.8,30.0,0.0,,237.0,10.7,,1016.3,
2021-05-27,23.3,18.9,29.4,0.8,,293.0,7.3,,1013.9,
2021-05-28,16.2,11.1,20.6,4.1,,42.0,21.1,,1016.4,
2021-05-29,10.5,9.4,11.7,11.5,,31.0,25.5,,1016.1,
2021-05-30,10.5,9.4,11.7,14.6,,28.0,15.1,,1020.9,
2021-05-31,15.3,10.6,23.3,0.2,,314.0,5.8,,1022.6,
2021-06-01,19.2,14.4,25.0,0.0,,253.0,7.3,,1024.3,
2021-06-02,19.2,16.1,23.3,0.0,,238.0,7.2,,1023.6,
2021-06-03,18.6,16.1,22.2,13.6,,16.0,5.4,,1017.7,
2021-06-04,20.6,17.8,25.6,30.2,,264.0,7.9,,1013.2,
2021-06-05,25.0,18.3,31.7,1.1,,256.0,12.0,,1013.5,
2021-06-06,28.1,21.7,35.0,0.0,,247.0,7.2,,1016.7,
2021-06-07,27.0,22.8,33.3,0.0,,282.0,5.2,,1018.3,
2021-06-08,25.5,21.7,32.2,8.1,,269.0,7.7,,1017.2,
2021-06-09,25.8,21.1,32.8,0.5,,245.0,8.5,,1015.3,
2021-06-10,24.2,18.9,27.8,0.1,,62.0,16.5,,1016.3,
2021-06-11,19.1,17.2,21.1,0.4,,67.0,13.8,,1015.5,
2021-06-12,19.2,17.8,21.7,0.3,,70.0,10.3,,1011.7,
2021-06-13,19.5,16.1,23.3,0.0,,219.0,7.5,,1013.4,
2021-06-14,20.2,18.9,23.9,9.5,,141.0,8.6,,1010.6,
2021-06-15,22.7,19.4,27.8,15.0,,274.0,7.2,,1007.5,
2021-06-16,21.8,17.2,26.7,0.0,,300.0,6.4,,1010.8,
2021-06-17,21.8,16.7,27.2,0.0,,271.0,8.8,,1015.1,
2021-06-18,23.1,17.2,28.3,0.0,,240.0,11.0,,1015.2,
2021-06-19,24.2,19.4,30.0,5.5,,249.0,12.1,,1008.9,
2021-06-20,24.8,18.9,30.6,0.6,,247.0,7.3,,1009.4,
2021-06-21,26.3,23.3,30.6,0.2,,248.0,8.3,,1005.8,
2021-06-22,21.0,16.7,25.0,15.2,,293.0,8.2,,1006.9,
2021-06-23,19.8,14.4,26.1,0.0,,267.0,7.9,,1021.2,
2021-06-24,20.7,16.7,25.0,0.0,,183.0,9.5,,1028.0,
2021-06-25,21.4,18.3,26.1,0.7,,200.0,9.4,,1025.8,
2021-06-26,23.9,20.6,27.8,2.1,,226.0,10.6,,1023.6,
2021-06-27,26.4,22.8,32.2,0.6,,244.0,10.5,,1021.8,
2021-06-28,28.1,23.3,33.3,0.2,,249.0,12.4,,1022.5,
2021-06-29,29.6,25.6,33.9,0.0,,251.0,12.8,,1021.8,
2021-06-30,30.1,23.3,35.0,3.2,,258.0,11.9,,1015.5,
2021-07-01,24.6,21.7,28.9,27.8,,251.0,6.1,,1011.1,
2021-07-02,22.7,18.3,26.1,16.6,,235.0,10.1,,1007.1,
2021-07-03,18.1,16.7,19.4,7.7,,48.0,17.3,,1009.1,
2021-07-04,21.6,17.2,27.8,1.1,,204.0,7.5,,1012.4,
2021-07-05,24.6,20.6,30.0,0.3,,31.0,8.9,,1016.9,
2021-07-06,26.8,22.2,33.9,6.2,,258.0,12.7,,1015.1,
2021-07-07,27.8,21.7,33.9,1.3,,257.0,8.6,,1014.1,
2021-07-08,25.8,23.0,29.4,2.8,,46.0,12.9,,1014.7,
2021-07-09,25.1,21.7,31.1,25.8,,307.0,10.8,,1009.7,
2021-07-10,24.3,22.2,28.9,0.6,,32.0,7.1,,1014.6,
2021-07-11,23.2,20.6,25.2,3.2,,142.0,12.0,,1018.7,
2021-07-12,25.6,22.2,32.2,18.7,,7.0,9.1,,1019.3,
2021-07-13,22.8,21.1,25.6,1.0,,53.0,13.0,,1023.3,
2021-07-14,25.3,21.7,32.2,0.5,,337.0,9.3,,1020.9,
2021-07-15,27.6,23.9,32.8,0.3,,267.0,7.1,,1018.5,
2021-07-16,29.3,25.6,33.3,0.0,,251.0,9.0,,1016.0,
2021-07-17,27.7,23.9,33.3,6.2,,300.0,7.0,,1016.5,
2021-07-18,25.3,22.8,28.9,6.0,,246.0,14.1,,1014.7,
2021-07-19,25.0,22.8,29.4,1.1,,298.0,6.9,,1014.6,
2021-07-20,27.1,23.3,31.7,0.2,,250.0,7.9,,1012.7,
2021-07-21,25.6,23.9,28.9,7.2,,271.0,7.7,,1011.9,
2021-07-22,24.5,20.6,28.9,0.0,,311.0,5.6,,1017.8,
2021-07-23,24.6,21.1,29.4,0.0,,316.0,5.4,,1019.7,
2021-07-24,25.1,22.2,28.9,0.2,,185.0,7.7,,1018.9,
2021-07-25,24.9,20.0,29.4,4.7,,229.0,11.2,,1013.4,
2021-07-26,27.8,23.3,32.8,0.2,,263.0,6.1,,1012.3,
2021-07-27,27.9,23.3,32.8,0.3,,308.0,5.4,,1013.8,
2021-07-28,24.8,21.7,30.0,0.5,,39.0,5.8,,1015.4,
2021-07-29,23.4,21.7,25.6,6.8,,207.0,12.5,,1013.8,
2021-07-30,24.9,21.7,30.6,0.1,,315.0,5.8,,1009.0,
2021-07-31,22.1,17.2,26.7,0.0,,292.0,7.3,,1015.1,
2021-08-01,22.6,20.0,25.6,2.0,,201.0,10.0,,1012.6,
2021-08-02,23.1,17.8,28.9,0.2,,300.0,5.8,,1014.0,
2021-08-03,23.4,21.1,27.8,0.2,,22.0,7.2,,1019.5,
2021-08-04,22.8,21.7,24.4,0.2,,20.0,9.3,,1019.9,
2021-08-05,23.4,20.6,28.3,0.0,,33.0,9.3,,1018.8,
2021-08-06,25.5,21.1,31.1,0.0,,233.0,7.4,,1020.5,
2021-08-07,25.8,22.8,31.1,0.1,,243.0,7.6,,1018.5,
2021-08-08,22.2,20.0,24.4,9.8,,39.0,14.3,,1018.4,
2021-08-09,23.7,21.7,27.2,3.0,,33.0,9.4,,1020.2,
2021-08-10,25.1,22.2,30.0,8.4,,18.0,5.4,,1020.1,
2021-08-11,27.1,23.3,34.4,5.7,,249.0,8.3,,1016.6,
2021-08-12,28.5,23.9,34.4,0.4,,261.0,9.3,,1015.6,
2021-08-13,30.1,25.6,35.0,0.2,,254.0,8.9,,1016.6,
2021-08-14,28.8,25.6,32.2,3.5,,280.0,7.8,,1017.6,
2021-08-15,25.9,22.8,30.6,0.0,,72.0,10.5,,1021.9,
2021-08-16,24.7,22.2,27.8,0.0,,122.0,11.2,,1022.7,
2021-08-17,24.8,23.3,27.2,0.1,,157.0,11.3,,1022.8,
2021-08-18,25.4,23.9,27.8,1.1,,139.0,10.0,,1022.1,
2021-08-19,27.0,24.4,30.6,4.6,,243.0,17.0,,1013.8,
2021-08-20,26.2,24.4,28.9,2.5,,295.0,5.3,,1012.3,
2021-08-21,25.6,23.3,28.3,45.6,,30.0,6.4,,1012.9,
2021-08-22,23.2,22.2,24.4,65.4,,302.0,11.1,,1009.9,
2021-08-23,25.2,22.2,30.6,34.7,,265.0,12.9,,1008.0,
2021-08-24,28.6,23.9,33.9,0.2,,290.0,6.0,,1013.5,
2021-08-25,28.9,24.4,34.4,0.0,,299.0,4.6,,1018.7,
2021-08-26,29.0,25.0,34.4,0.0,,232.0,7.7,,1019.2,
2021-08-27,28.0,25.0,33.3,7.2,,279.0,6.2,,1018.6,
2021-08-28,23.7,20.6,27.2,8.2,,45.0,21.2,,1023.1,
2021-08-29,22.4,20.6,25.0,0.6,,39.0,11.0,,1022.2,
2021-08-30,25.9,22.8,31.1,7.1,,245.0,6.7,,1012.7,
2021-08-31,27.0,24.4,31.1,0.0,,303.0,5.3,,1008.8,
2021-09-01,22.8,19.0,25.0,59.6,,24.0,16.4,,1006.8,
2021-09-02,21.6,17.2,27.2,12.8,,352.0,7.5,,1009.0,
2021-09-03,21.1,16.7,26.1,0.2,,287.0,7.8,,1016.8,
2021-09-04,22.5,18.3,27.2,0.0,,258.0,8.5,,1016.2,
2021-09-05,22.3,20.0,23.9,0.9,,227.0,11.3,,1011.4,
2021-09-06,24.9,21.7,29.4,0.9,,270.0,11.3,,1009.6,
2021-09-07,24.0,20.0,28.9,0.0,,242.0,8.0,,1014.3,
2021-09-08,24.8,21.7,28.9,2.9,,217.0,14.0,,1011.3,
2021-09-09,22.1,21.1,24.4,12.6,,265.0,6.1,,1008.3,
2021-09-10,22.1,18.3,26.1,0.2,,325.0,4.1,,1012.3,
2021-09-11,22.1,17.8,26.7,0.2,,252.0,11.7,,1021.1,
2021-09-12,23.9,20.0,28.3,0.0,,252.0,19.1,,1018.8,
2021-09-13,26.2,21.1,31.1,4.5,,282.0,8.8,,1016.5,
2021-09-14,23.6,21.1,27.2,0.0,,165.0,7.5,,1017.8,
2021-09-15,25.9,22.2,30.6,1.9,,250.0,8.2,,1015.0,
2021-09-16,23.8,22.2,26.1,3.5,,40.0,16.4,,1021.4,
2021-09-17,22.8,21.1,25.6,1.3,,39.0,18.1,,1022.9,
2021-09-18,25.2,21.7,30.0,0.8,,349.0,6.6,,1017.6,
2021-09-19,23.2,18.9,26.7,0.1,,19.0,6.5,,1020.8,
2021-09-20,21.8,19.4,25.6,0.0,,209.0,8.1,,1026.9,
2021-09-21,22.3,18.9,26.7,0.7,,86.0,10.6,,1027.0,
2021-09-22,24.2,22.2,27.2,1.3,,160.0,11.0,,1019.4,
2021-09-23,24.0,20.0,27.2,18.1,,148.0,15.3,,1014.2,
2021-09-24,19.9,15.0,25.0,16.6,,263.0,9.5,,1017.2,
2021-09-25,21.4,17.8,26.1,0.0,,323.0,6.0,,1016.0,
2021-09-26,20.8,17.2,25.0,0.2,,273.0,8.6,,1012.6,
2021-09-27,21.7,17.2,27.2,0.0,,252.0,17.9,,1014.1,
2021-09-28,20.9,18.9,23.9,13.2,,268.0,10.4,,1010.8,
2021-09-29,18.4,14.4,22.2,0.0,,311.0,8.5,,1015.1,
2021-09-30,17.9,16.1,20.0,0.0,,340.0,5.1,,1019.2,
2021-10-01,16.7,12.8,20.0,0.0,,278.0,8.1,,1023.5,
2021-10-02,19.4,14.4,25.0,0.0,,264.0,11.1,,1020.7,
2021-10-03,21.5,16.1,26.7,0.0,,252.0,7.0,,1015.2,
2021-10-04,20.6,17.8,22.2,9.8,,23.0,13.9,,1014.5,
2021-10-05,17.9,16.7,18.9,0.2,,43.0,14.4,,1023.2,
2021-10-06,19.3,17.2,21.7,0.1,,41.0,7.1,,1027.9,
2021-10-07,20.8,18.3,25.6,0.9,,267.0,5.7,,1025.2,
2021-10-08,21.1,17.8,26.1,0.2,,6.0,8.3,,1021.2,
2021-10-09,18.9,17.2,20.6,1.1,,42.0,20.8,,1023.3,
2021-10-10,18.4,17.8,20.6,5.7,,32.0,23.1,,1021.2,
2021-10-11,20.0,17.8,23.9,0.2,,38.0,20.6,,1018.4,
2021-10-12,19.5,17.8,22.8,0.1,,10.0,10.8,,1019.4,
2021-10-13,19.6,18.3,20.6,0.1,,256.0,6.8,,1016.9,
2021-10-14,22.0,17.8,27.8,1.2,,321.0,5.8,,1013.8,
2021-10-15,22.5,19.4,27.2,0.0,,223.0,4.6,,1013.1,
2021-10-16,21.4,15.6,26.1,7.4,,234.0,10.1,,1007.7,
2021-10-17,15.3,12.8,18.9,0.7,,275.0,12.1,,1009.5,
2021-10-18,13.3,11.1,17.2,0.0,,293.0,8.4,,1011.9,
2021-10-19,15.1,10.0,21.1,0.0,,261.0,14.1,,1015.6,
2021-10-20,20.0,15.6,26.7,0.0,,261.0,13.8,,1016.0,
2021-10-21,19.9,16.1,25.6,0.0,,235.0,9.8,,1014.9,
2021-10-22,19.1,16.1,22.2,1.0,,265.0,12.0,,1011.4,
2021-10-23,14.4,12.2,17.2,0.5,,341.0,9.3,,1014.9,
2021-10-24,13.6,10.6,16.1,0.0,,266.0,6.5,,1020.8,
2021-10-25,19.7,15.6,23.9,7.0,,5.0,5.6,,1013.5,
2021-10-26,16.0,14.4,18.9,54.4,,359.0,13.7,,997.8,
2021-10-27,15.3,13.3,17.2,10.0,,41.0,11.1,,1004.2,
2021-10-28,13.9,11.1,18.3,0.0,,63.0,10.6,,1014.1,
2021-10-29,12.9,10.0,14.4,4.1,,48.0,28.2,,1010.8,
2021-10-30,16.0,12.8,18.9,3.8,,62.0,16.4,,1003.2,
2021-10-31,15.8,13.9,19.4,2.0,,265.0,13.6,,1002.5,
2021-11-01,14.6,12.2,17.8,0.0,,262.0,11.6,,1016.9,
2021-11-02,11.6,8.9,12.8,0.3,,269.0,12.7,,1022.6,
2021-11-03,9.8,7.2,13.9,0.0,,274.0,8.4,,1024.4,
2021-11-04,9.7,7.8,12.8,0.0,,63.0,9.7,,1027.0,
2021-11-05,10.1,6.1,13.9,0.0,,31.0,8.9,,1027.5,
2021-11-06,10.8,8.3,15.0,0.0,,50.0,10.2,,1029.1,
2021-11-07,11.3,8.9,13.9,0.2,,12.0,5.1,,1022.5,
2021-11-08,14.5,9.4,20.6,0.0,,355.0,4.5,,1020.0,
2021-11-09,15.6,11.1,21.7,0.0,,244.0,8.2,,1018.9,
2021-11-10,16.0,12.8,21.1,0.7,,315.0,6.3,,1018.9,
2021-11-11,13.6,10.0,16.1,0.1,,58.0,13.4,,1025.1,
2021-11-12,16.4,12.8,18.3,10.9,,211.0,15.1,,1014.9,
2021-11-13,10.9,5.2,17.2,7.2,,274.0,15.8,,1009.4,
2021-11-14,6.3,3.1,8.7,1.0,,235.0,16.0,,1012.5,
2021-11-15,5.8,3.0,8.5,0.4,,265.0,18.1,,1010.0,
2021-11-16,5.3,2.4,9.5,0.0,,273.0,16.1,,1020.3,
2021-11-17,8.1,1.5,12.8,0.0,,154.0,12.5,,1024.2,
2021-11-18,13.7,10.2,18.5,0.9,,225.0,17.4,,1016.5,
2021-11-19,6.7,3.8,9.8,3.8,,295.0,19.5,,1023.8,
2021-11-20,4.7,0.4,7.2,0.0,,255.0,8.6,,1033.2,
2021-11-21,8.8,5.0,12.1,0.3,,209.0,10.4,,1024.1,
2021-11-22,8.4,2.2,12.0,1.3,,289.0,17.6,,1011.9,
2021-11-23,2.2,-0.2,5.8,0.1,,323.0,20.8,,1016.9,
2021-11-24,2.5,-1.0,7.1,0.0,,298.0,13.1,,1025.8,
2021-11-25,5.9,1.4,11.1,0.0,,242.0,10.5,,1017.2,
2021-11-26,5.7,1.7,7.4,7.3,,269.0,20.1,,1004.2,
2021-11-27,2.4,0.7,5.3,0.0,,291.0,19.7,,1011.0,
2021-11-28,2.7,0.9,4.9,1.5,,283.0,5.6,,1011.7,
2021-11-29,2.8,-0.2,5.6,0.0,,310.0,15.1,,1012.4,
2021-11-30,1.5,-2.2,4.1,0.4,,248.0,9.0,,1015.8,
2021-12-01,4.8,1.6,8.6,0.0,,242.0,12.3,,1019.8,
2021-12-02,10.4,6.9,13.8,4.4,,215.0,20.5,,1008.3,
2021-12-03,5.0,0.9,8.2,0.0,,307.0,18.0,,1013.7,
2021-12-04,4.6,-0.5,9.1,0.0,,241.0,8.5,,1019.9,
2021-12-05,4.6,0.7,9.1,0.0,,359.0,8.3,,1027.1,
2021-12-06,12.9,8.2,16.4,2.9,,195.0,24.7,,1011.0,
2021-12-07,3.2,0.9,6.0,0.0,,273.0,13.0,,1020.6,
2021-12-08,2.8,0.7,4.8,1.1,,334.0,6.7,,1016.5,
2021-12-09,1.6,-1.5,3.9,0.0,,285.0,11.9,,1021.7,
2021-12-10,5.4,3.3,8.4,0.0,,177.0,8.7,,1021.5,
2021-12-11,12.6,5.3,17.9,12.7,,193.0,22.7,,1008.8,
2021-12-12,6.2,3.4,10.3,0.0,,279.0,19.8,,1019.0,
2021-12-13,5.7,2.5,10.3,0.0,,245.0,17.5,,1024.6,
2021-12-14,5.8,3.0,10.3,0.0,,340.0,12.4,,1032.0,
2021-12-15,7.2,2.3,11.9,0.4,,110.0,15.0,,1034.2,
2021-12-16,12.1,10.1,14.4,0.0,,226.0,20.9,,1018.6,
2021-12-17,10.7,6.3,13.3,0.3,,271.0,15.6,,1018.8,
2021-12-18,6.3,4.8,8.4,1.8,,48.0,9.2,,1018.5,
2021-12-19,3.8,-2.2,8.6,0.3,,324.0,20.9,,1016.9,
2021-12-20,-1.2,-4.2,1.7,0.0,,295.0,10.7,,1026.4,
2021-12-21,1.9,-1.8,5.8,0.2,,180.0,7.7,,1018.2,
2021-12-22,4.3,-0.3,8.5,6.8,,312.0,17.8,,1005.5,
2021-12-23,0.1,-2.1,2.3,0.0,,283.0,12.8,,1020.6,
2021-12-24,2.6,0.1,6.5,0.8,,71.0,7.0,,1017.8,
2021-12-25,7.0,2.8,9.5,10.8,,235.0,10.4,,1003.0,
2021-12-26,6.0,2.9,8.3,0.0,,316.0,18.5,,1011.6,
2021-12-27,1.4,-0.6,4.1,5.3,,33.0,8.9,,1017.2,
2021-12-28,6.1,3.7,9.0,3.4,,297.0,8.0,,1010.3,
2021-12-29,6.3,4.4,9.9,7.7,,49.0,9.4,,1012.0,
2021-12-30,6.4,4.1,9.9,1.7,,33.0,5.7,,1013.9,
2021-12-31,8.2,5.7,10.1,0.3,,218.0,8.0,,1013.9,
2022-01-01,9.7,6.4,11.6,24.0,,150.0,7.8,,1008.1,
2022-01-02,9.1,1.8,13.4,5.2,,315.0,15.7,,1005.6,
2022-01-03,-1.9,-4.6,1.3,2.5,,1.0,22.7,,1019.4,
2022-01-04,-2.8,-6.2,0.8,0.0,,270.0,11.1,,1028.1,
2022-01-05,3.0,-1.5,7.9,3.3,,224.0,13.3,,1014.3,
2022-01-06,1.5,-0.4,3.2,0.0,,269.0,14.7,,1011.8,
2022-01-07,-1.2,-5.4,0.9,8.1,,320.0,20.5,,1012.4,
2022-01-08,-6.0,-8.3,-3.4,0.0,,270.0,12.0,,1033.4,
2022-01-09,1.5,-4.5,5.0,3.2,,225.0,17.6,,1023.1,
2022-01-10,-2.1,-4.7,4.1,0.0,,289.0,20.6,,1020.2,
2022-01-11,-7.2,-9.3,-4.8,0.0,,336.0,18.1,,1031.2,
2022-01-12,-1.2,-6.2,5.0,0.0,,218.0,16.1,,1023.3,
2022-01-13,1.1,-3.3,7.4,0.0,,321.0,7.3,,1015.6,
2022-01-14,1.3,-6.1,5.4,0.0,,359.0,24.2,,1009.8,
2022-01-15,-8.2,-11.2,-4.9,0.0,,355.0,18.2,,1024.4,
2022-01-16,-4.4,-12.3,5.0,5.1,,51.0,15.6,,1024.6,
2022-01-17,3.8,0.1,9.3,27.1,,210.0,31.6,,989.7,
2022-01-18,-1.0,-4.5,1.9,0.0,,301.0,21.7,,1012.0,
2022-01-19,2.3,-4.8,7.5,0.0,,206.0,16.8,,1018.4,
2022-01-20,-0.1,-7.5,4.2,7.8,,315.0,18.1,,1021.6,
2022-01-21,-8.7,-12.1,-5.2,0.0,,2.0,20.2,,1033.2,
2022-01-22,-6.5,-12.0,-1.4,0.0,,347.0,12.6,,1027.2,
2022-01-23,-2.0,-5.4,2.5,0.1,,239.0,12.1,,1012.9,
2022-01-24,-1.8,-3.9,0.4,0.1,,339.0,10.5,,1011.8,
2022-01-25,1.3,-3.9,6.6,0.0,,260.0,12.2,,1014.3,
2022-01-26,-5.6,-7.6,-2.8,0.0,,336.0,14.5,,1027.4,
2022-01-27,-4.5,-9.2,0.4,0.0,,145.0,11.0,,1029.2,
2022-01-28,-1.2,-2.9,0.9,2.0,,294.0,8.8,,1019.6,
2022-01-29,-8.8,-12.4,-1.9,17.6,,334.0,29.7,,1007.4,
2022-01-30,-10.3,-12.7,-6.1,0.0,,282.0,14.9,,1016.3,
2022-01-31,-10.7,-16.1,-4.6,0.0,,13.0,8.6,,1027.7,
2022-02-01,-3.2,-12.3,4.4,0.0,,34.0,13.0,,1034.0,
2022-02-02,4.1,1.1,8.3,0.0,,36.0,8.6,,1030.6,
2022-02-03,6.9,5.0,10.0,8.7,,314.0,4.8,,1023.5,
2022-02-04,5.2,-1.1,12.8,13.7,,0.0,11.1,,1013.3,
2022-02-05,-2.7,-5.0,0.6,0.1,,331.0,5.8,,1025.0,
2022-02-06,-2.7,-6.7,1.7,0.0,,75.0,9.2,,1036.0,
2022-02-07,2.3,0.6,3.9,4.2,,44.0,9.5,,1025.1,
2022-02-08,4.0,0.6,8.9,0.4,,274.0,9.7,,1014.4,
2022-02-09,3.1,-1.1,7.8,0.0,,234.0,8.5,,1017.7,
2022-02-10,7.4,3.9,12.2,0.1,,268.0,12.0,,1012.2,
2022-02-11,8.3,-1.2,13.3,0.0,,230.0,8.2,,1014.8,
2022-02-12,11.0,6.7,13.9,0.0,,266.0,14.0,,1014.4,
2022-02-13,1.3,-1.7,6.1,4.5,,42.0,10.4,,1019.9,
2022-02-14,-4.0,-6.7,-0.6,0.0,,294.0,9.6,,1022.1,
2022-02-15,-3.3,-7.2,1.1,0.2,,251.0,11.6,,1037.1,
2022-02-16,3.1,-1.7,6.7,0.0,,217.0,9.8,,1037.3,
2022-02-17,13.1,8.9,17.8,3.2,,246.0,15.2,,1019.5,
2022-02-18,7.9,-0.6,15.6,10.3,,284.0,14.2,,1007.4,
2022-02-19,0.3,-2.8,5.6,0.0,,274.0,13.3,,1017.6,
2022-02-20,-1.0,-5.0,3.9,0.0,,239.0,14.0,,1029.9,
2022-02-21,5.3,0.6,12.8,0.0,,240.0,8.1,,1027.6,
2022-02-22,8.9,3.9,13.9,6.5,,18.0,13.5,,1023.0,
2022-02-23,13.8,3.9,19.4,0.0,,277.0,12.1,,1016.1,
2022-02-24,1.1,0.0,2.8,0.2,,30.0,11.5,,1030.6,
2022-02-25,1.7,-1.7,6.1,11.2,,354.0,14.8,,1020.9,
2022-02-26,-0.1,-3.3,3.9,0.0,,264.0,12.0,,1028.9,
2022-02-27,3.5,-1.1,9.4,0.7,,273.0,18.9,,1017.1,
2022-02-28,1.3,-1.1,4.4,0.0,,317.0,8.9,,1024.1,
2022-03-01,4.4,0.6,7.8,0.2,,202.0,10.7,,1020.9,
2022-03-02,7.9,5.0,12.2,0.0,,266.0,9.4,,1015.0,
2022-03-03,4.7,-3.0,7.2,1.9,,295.0,10.3,,1018.2,
2022-03-04,-0.4,-5.0,4.4,0.0,,250.0,11.8,,1032.9,
2022-03-05,4.1,0.6,7.8,0.0,,200.0,7.7,,1031.9,
2022-03-06,12.4,6.1,18.3,1.9,,284.0,15.1,,1017.6,
2022-03-07,17.8,13.9,20.6,4.1,,262.0,15.5,,1007.1,
2022-03-08,7.3,5.0,11.7,0.2,,308.0,8.4,,1017.7,
2022-03-09,3.5,2.2,5.6,11.4,,41.0,13.3,,1017.7,
2022-03-10,5.0,1.7,9.4,0.0,,257.0,7.5,,1021.2,
2022-03-11,7.2,3.3,12.2,0.2,,209.0,7.7,,1017.7,
2022-03-12,2.9,-3.3,8.3,13.8,,324.0,6.5,,999.2,
2022-03-13,-1.4,-4.4,2.2,0.0,,263.0,19.0,,1020.7,
2022-03-14,6.8,0.0,13.3,0.0,,257.0,10.2,,1028.3,
2022-03-15,11.9,6.7,18.9,0.5,,276.0,7.0,,1023.4,
2022-03-16,12.9,8.9,18.3,0.7,,225.0,9.1,,1022.3,
2022-03-17,9.5,7.2,11.7,2.2,,35.0,17.8,,1016.9,
2022-03-18,13.2,9.4,21.7,0.2,,238.0,7.4,,1015.6,
2022-03-19,14.0,8.9,20.0,17.9,,33.0,8.2,,1010.1,
2022-03-20,12.2,8.3,13.9,0.2,,284.0,10.5,,1008.8,
2022-03-21,11.8,7.2,18.3,0.9,,293.0,7.7,,1017.4,
2022-03-22,11.5,7.8,15.6,0.0,,292.0,6.2,,1021.2,
2022-03-23,6.8,5.0,9.0,4.1,,59.0,17.9,,1023.5,
2022-03-24,6.4,5.0,8.3,15.6,,33.0,27.1,,1013.1,
2022-03-25,10.1,7.2,13.9,1.0,,273.0,12.9,,1003.4,
2022-03-26,9.6,7.0,12.0,1.8,,262.0,16.6,,999.0,
2022-03-27,5.1,1.1,8.3,0.2,,280.0,11.3,,1004.1,
2022-03-28,-1.0,-3.3,1.7,1.7,,301.0,9.6,,1013.4,
2022-03-29,0.4,-2.8,3.9,0.2,,306.0,11.4,,1020.5,
2022-03-30,1.7,-2.8,6.3,0.0,,246.0,11.8,,1022.4,
2022-03-31,13.1,4.9,17.9,3.0,,193.0,24.7,,1006.4,
2022-04-01,11.1,5.6,15.3,1.5,,279.0,25.0,,1003.2,
2022-04-02,5.6,1.4,11.0,0.0,,268.0,16.4,,1017.0,
2022-04-03,5.7,3.9,8.0,5.3,,187.0,10.4,,1010.1,
2022-04-04,7.3,3.1,12.3,0.0,,305.0,17.5,,1014.6,
2022-04-05,6.9,3.3,10.8,0.3,,137.0,9.5,,1017.3,
2022-04-06,8.8,6.9,11.1,17.7,,42.0,23.9,,1010.3,
2022-04-07,9.4,7.8,11.1,21.2,,60.0,23.0,,1007.8,
2022-04-08,13.2,9.4,17.2,14.7,,266.0,10.8,,1002.7,
2022-04-09,10.5,8.3,13.3,4.2,,273.0,10.2,,1004.1,
2022-04-10,8.7,6.1,11.7,1.1,,300.0,7.0,,1008.9,
2022-04-11,9.8,5.6,15.0,0.4,,239.0,7.1,,1018.7,
2022-04-12,14.4,8.9,22.8,0.7,,277.0,7.1,,1016.7,
2022-04-13,15.3,11.7,19.4,0.2,,42.0,10.0,,1015.9,
2022-04-14,20.1,13.9,28.3,3.9,,298.0,9.9,,1008.5,
2022-04-15,15.4,11.1,20.6,0.2,,230.0,12.5,,1018.7,
2022-04-16,14.8,8.3,21.1,1.7,,269.0,10.9,,1013.8,
2022-04-17,8.7,6.1,12.2,0.9,,307.0,6.9,,1020.0,
2022-04-18,8.0,5.6,10.6,5.2,,58.0,16.7,,1024.9,
2022-04-19,7.8,5.6,10.0,22.7,,296.0,20.7,,1007.1,
2022-04-20,10.6,6.1,16.7,0.0,,283.0,13.5,,1025.9,
2022-04-21,11.1,8.3,13.9,2.4,,156.0,13.4,,1031.0,
2022-04-22,15.9,11.1,21.7,0.0,,284.0,7.7,,1027.9,
2022-04-23,13.6,11.1,16.7,0.2,,36.0,10.7,,1028.0,
2022-04-24,12.8,9.4,16.7,0.0,,79.0,12.6,,1024.5,
2022-04-25,11.3,8.9,13.9,0.2,,76.0,12.5,,1024.3,
2022-04-26,12.8,11.1,15.0,2.6,,47.0,9.3,,1018.1,
2022-04-27,11.2,7.2,13.9,0.7,,299.0,7.3,,1014.6,
2022-04-28,9.7,5.6,15.6,0.2,,324.0,6.5,,1016.5,
2022-04-29,11.9,6.1,18.3,0.2,,299.0,7.5,,1018.7,
2022-04-30,13.4,8.3,20.6,0.7,,276.0,7.6,,1019.8,
2022-05-01,13.8,9.4,20.0,1.8,,114.0,9.1,,1019.8,
2022-05-02,12.4,11.7,13.3,5.6,,40.0,12.0,,1017.8,
2022-05-03,13.3,11.1,17.2,0.0,,68.0,12.3,,1020.9,
2022-05-04,13.1,10.0,17.8,3.1,,15.0,8.6,,1016.0,
2022-05-05,17.3,13.9,21.7,0.4,,308.0,6.8,,1017.9,
2022-05-06,13.2,10.6,15.6,19.5,,51.0,9.4,,1014.1,
2022-05-07,9.7,8.9,11.0,16.5,,35.0,26.7,,1010.8,
2022-05-08,11.4,8.3,15.0,3.9,,36.0,22.8,,1018.8,
2022-05-09,14.8,9.4,21.1,0.0,,39.0,23.2,,1023.3,
2022-05-10,16.3,12.2,21.7,0.5,,40.0,22.3,,1026.7,
2022-05-11,16.5,13.3,22.8,0.0,,46.0,14.7,,1025.0,
2022-05-12,17.0,13.3,21.1,0.0,,19.0,11.7,,1025.9,
2022-05-13,16.8,14.0,21.1,2.5,,41.0,11.6,,1024.6,
2022-05-14,16.8,13.9,20.6,7.0,,297.0,5.7,,1018.8,
2022-05-15,18.4,14.0,25.6,0.2,,323.0,4.8,,1012.1,
2022-05-16,19.9,17.2,24.0,2.0,,249.0,8.0,,1005.4,
2022-05-17,19.4,14.4,25.0,0.0,,274.0,9.5,,1008.3,
2022-05-18,17.9,13.9,22.8,0.0,,289.0,7.3,,1013.9,
2022-05-19,15.2,12.8,20.0,14.5,,100.0,7.3,,1009.1,
2022-05-20,16.8,13.3,20.6,1.4,,54.0,11.6,,1013.8,
2022-05-21,23.4,16.0,32.2,0.0,,272.0,5.9,,1016.0,
2022-05-22,26.4,23.3,31.1,5.7,,253.0,8.0,,1015.7,
2022-05-23,20.6,16.7,24.4,0.2,,30.0,10.2,,1021.4,
2022-05-24,17.2,15.0,20.6,3.4,,93.0,13.0,,1025.8,
2022-05-25,16.1,13.9,20.6,0.5,,84.0,10.6,,1028.7,
2022-05-26,17.2,13.9,20.6,0.0,,146.0,11.6,,1024.8,
2022-05-27,20.5,17.8,26.1,7.5,,223.0,5.9,,1013.7,
2022-05-28,20.8,18.0,24.4,10.2,,264.0,7.7,,1008.1,
2022-05-29,21.2,17.2,26.1,0.0,,288.0,6.1,,1017.6,
2022-05-30,23.7,17.8,30.0,0.0,,264.0,6.2,,1018.9,
2022-05-31,27.7,20.0,33.9,0.0,,328.0,8.4,,1014.5,
2022-06-01,18.2,16.1,21.3,1.3,,96.0,15.9,,1013.7,
2022-06-02,20.3,16.2,27.2,21.3,,220.0,6.4,,1007.3,
2022-06-03,20.5,18.3,24.8,0.4,,55.0,7.6,,1007.6,
2022-06-04,20.6,14.5,25.6,0.0,,336.0,7.4,,1011.4,
2022-06-05,20.9,17.2,25.6,0.5,,166.0,10.0,,1015.7,
2022-06-06,22.2,18.3,26.7,0.0,,230.0,12.0,,1017.4,
2022-06-07,21.0,17.8,25.6,1.9,,212.0,14.9,,1017.1,
2022-06-08,24.1,19.4,28.9,2.4,,259.0,12.8,,1011.4,
2022-06-09,23.9,20.6,28.3,8.6,,283.0,13.0,,1004.8,
2022-06-10,22.3,17.2,26.7,0.2,,260.0,10.3,,1010.7,
2022-06-11,21.9,19.4,24.4,0.3,,168.0,8.1,,1013.3,
2022-06-12,20.0,18.0,23.9,7.6,,195.0,9.9,,1014.9,
2022-06-13,24.4,20.0,30.0,0.7,,277.0,5.8,,1012.7,
2022-06-14,24.1,21.1,28.3,0.0,,50.0,10.4,,1013.1,
2022-06-15,22.8,19.4,27.2,0.0,,116.0,9.8,,1019.0,
2022-06-16,20.1,17.2,22.2,4.4,,184.0,12.7,,1019.7,
2022-06-17,26.1,19.9,32.2,0.2,,264.0,10.9,,1006.5,
2022-06-18,19.3,16.0,21.5,0.0,,317.0,25.2,,1006.5,
2022-06-19,17.8,13.4,22.7,0.0,,321.0,23.1,,1013.8,
2022-06-20,20.0,13.6,26.6,0.0,,299.0,13.1,,1018.9,
2022-06-21,20.2,15.2,25.3,1.8,,254.0,6.4,,1019.4,
2022-06-22,19.0,17.1,21.7,15.9,,132.0,16.7,,1016.4,
2022-06-23,19.5,17.3,22.2,0.5,,131.0,14.9,,1014.7,
2022-06-24,20.3,15.3,24.5,0.0,,192.0,9.1,,1016.3,
2022-06-25,24.1,18.5,31.2,0.0,,235.0,9.8,,1018.7,
2022-06-26,24.7,20.4,29.6,0.0,,205.0,18.4,,1017.8,
2022-06-27,23.7,21.3,27.8,12.5,,222.0,15.4,,1014.2,
2022-06-28,22.2,19.4,27.5,0.0,,316.0,11.0,,1019.7,
2022-06-29,23.0,17.0,28.3,0.6,,229.0,9.0,,1022.8,
2022-06-30,25.9,21.1,31.7,1.2,,254.0,8.8,,1021.6,
2022-07-01,27.3,22.2,33.3,0.0,,256.0,11.0,,1016.8,
2022-07-02,27.4,24.4,31.1,15.4,,267.0,8.0,,1012.8,
2022-07-03,26.8,23.9,30.0,0.0,,16.0,7.4,,1016.1,
2022-07-04,25.0,20.0,29.4,0.5,,271.0,7.1,,1020.4,
2022-07-05,24.6,21.7,30.0,0.8,,237.0,10.8,,1016.1,
2022-07-06,26.8,23.3,31.1,0.0,,287.0,10.9,,1010.8,
2022-07-07,24.5,21.7,27.8,0.4,,92.0,14.3,,1015.6,
2022-07-08,23.3,20.6,28.9,2.2,,296.0,5.5,,1015.9,
2022-07-09,25.1,22.8,29.4,0.5,,348.0,8.3,,1016.7,
2022-07-10,23.8,20.6,28.3,0.0,,120.0,13.3,,1018.0,
2022-07-11,23.4,19.4,27.8,0.0,,219.0,12.1,,1014.2,
2022-07-12,26.2,21.1,31.7,16.9,,237.0,15.8,,1008.4,
2022-07-13,27.6,21.9,32.8,0.0,,273.0,7.1,,1011.4,
2022-07-14,27.3,22.8,32.2,0.2,,14.0,6.4,,1014.6,
2022-07-15,25.8,23.3,28.9,0.1,,113.0,12.7,,1020.3,
2022-07-16,24.8,22.8,28.9,3.4,,126.0,7.9,,1019.2,
2022-07-17,25.7,22.2,29.4,0.3,,266.0,6.1,,1016.8,
2022-07-18,26.7,24.0,28.9,4.6,,247.0,8.3,,1012.0,
2022-07-19,28.6,23.3,33.9,0.0,,262.0,14.9,,1008.3,
2022-07-20,29.9,25.6,33.9,0.2,,234.0,9.6,,1007.8,
2022-07-21,29.7,26.0,34.4,5.6,,253.0,12.3,,1005.1,
2022-07-22,29.7,26.1,34.4,0.0,,261.0,9.3,,1011.2,
2022-07-23,30.1,26.1,35.6,0.0,,287.0,5.9,,1015.8,
2022-07-24,30.7,26.1,35.0,0.7,,247.0,13.2,,1015.5,
2022-07-25,28.1,26.7,30.0,4.8,,264.0,10.8,,1011.8,
2022-07-26,25.8,23.3,29.4,0.2,,277.0,10.1,,1015.4,
2022-07-27,25.9,23.3,30.6,0.9,,267.0,7.9,,1013.9,
2022-07-28,26.7,23.2,29.9,6.6,,222.0,12.3,,1010.2,
2022-07-29,26.7,22.8,30.2,0.0,,251.0,11.4,,1012.0,
2022-07-30,26.8,22.6,31.7,0.0,,325.0,12.9,,1015.7,
2022-07-31,24.6,19.8,28.4,0.1,,114.0,11.6,,1020.4,
2022-08-01,23.4,21.1,25.8,2.7,,159.0,9.0,,1014.0,
2022-08-02,26.7,21.8,32.5,0.0,,225.0,10.6,,1009.5,
2022-08-03,25.7,21.3,31.3,0.0,,276.0,13.3,,1014.5,
2022-08-04,27.4,22.1,31.9,0.0,,204.0,16.2,,1016.6,
2022-08-05,27.5,23.7,32.1,0.0,,231.0,12.0,,1019.3,
2022-08-06,28.2,23.6,32.8,1.0,,230.0,12.8,,1022.2,
2022-08-07,28.6,26.0,31.7,2.4,,246.0,14.2,,1020.6,
2022-08-08,29.5,25.6,33.9,0.2,,243.0,12.0,,1015.6,
2022-08-09,30.8,26.7,36.1,12.1,,272.0,11.1,,1013.0,
2022-08-10,27.5,25.0,30.6,0.1,,46.0,10.0,,1016.3,
2022-08-11,26.6,23.8,31.8,7.5,,315.0,6.3,,1012.7,
2022-08-12,25.2,21.6,29.1,0.0,,23.0,9.1,,1015.5,
2022-08-13,22.6,18.1,27.3,0.0,,29.0,8.9,,1018.9,
2022-08-14,22.3,17.7,25.9,0.0,,222.0,10.1,,1018.1,
2022-08-15,22.7,18.2,27.0,0.0,,196.0,7.5,,1016.0,
2022-08-16,22.9,18.6,27.7,0.2,,72.0,15.3,,1016.4,
2022-08-17,23.0,18.8,26.9,0.2,,16.0,8.8,,1015.8,
2022-08-18,24.0,17.9,29.9,0.0,,281.0,6.8,,1013.3,
2022-08-19,24.9,19.0,31.0,0.7,,230.0,10.3,,1018.0,
2022-08-20,25.6,21.9,29.8,0.3,,201.0,10.1,,1021.1,
2022-08-21,24.5,20.5,27.5,0.2,,159.0,9.6,,1019.9,
2022-08-22,23.1,21.9,24.6,20.6,,95.0,9.0,,1013.4,
2022-08-23,23.7,20.3,27.9,1.1,,269.0,9.0,,1010.2,
2022-08-24,25.1,20.2,31.2,0.4,,251.0,8.3,,1014.7,
2022-08-25,25.5,20.2,31.0,1.1,,253.0,7.2,,1017.0,
2022-08-26,25.5,22.0,29.8,5.8,,232.0,9.0,,1014.0,
2022-08-27,25.0,21.1,29.9,0.0,,11.0,10.8,,1015.5,
2022-08-28,24.3,22.2,27.3,0.4,,95.0,13.3,,1020.9,
2022-08-29,25.0,22.0,28.2,0.2,,200.0,9.4,,1019.5,
2022-08-30,25.3,22.1,29.2,3.3,,209.0,14.0,,1012.5,
2022-08-31,24.9,21.2,29.3,3.7,,294.0,6.4,,1009.6,
2022-09-01,24.5,19.9,30.2,0.2,,282.0,10.0,,1014.1,
2022-09-02,20.7,16.1,24.8,0.0,,107.0,13.1,,1023.8,
2022-09-03,22.3,18.3,25.9,0.2,,122.0,9.1,,1024.5,
2022-09-04,24.6,20.6,28.9,0.0,,236.0,9.2,,1020.0,
2022-09-05,24.0,21.6,27.5,2.8,,262.0,7.9,,1018.7,
2022-09-06,22.2,20.3,23.7,15.4,,47.0,9.2,,1016.3,
2022-09-07,20.8,19.1,23.0,0.4,,42.0,17.9,,1015.6,
2022-09-08,20.8,18.0,24.3,0.2,,51.0,11.2,,1013.6,
2022-09-09,20.5,16.6,25.3,1.4,,52.0,12.3,,1018.2,
2022-09-10,21.4,16.0,26.8,0.2,,253.0,7.7,,1023.4,
2022-09-11,20.8,18.9,23.2,11.1,,278.0,8.5,,1020.1,
2022-09-12,23.3,20.9,27.3,2.5,,240.0,7.5,,1011.2,
2022-09-13,22.8,20.2,25.9,9.8,,283.0,9.7,,1008.0,
2022-09-14,20.9,16.2,27.0,0.4,,285.0,9.4,,1014.4,
2022-09-15,19.1,16.4,21.9,7.1,,338.0,6.8,,1020.7,
2022-09-16,17.9,12.5,24.3,0.2,,307.0,8.1,,1022.3,
2022-09-17,19.9,17.2,22.0,0.5,,110.0,12.0,,1024.0,
2022-09-18,22.7,17.7,28.8,0.0,,253.0,16.7,,1018.2,
2022-09-19,23.3,19.3,29.6,2.5,,242.0,11.6,,1013.1,
2022-09-20,21.8,18.3,25.4,0.0,,291.0,8.2,,1012.5,
2022-09-21,20.6,16.5,25.8,0.0,,238.0,8.8,,1013.4,
2022-09-22,19.9,14.8,24.7,11.5,,271.0,10.1,,1005.0,
2022-09-23,13.5,10.7,17.0,0.0,,342.0,5.7,,1013.6,
2022-09-24,14.6,10.1,20.4,0.2,,285.0,10.3,,1015.5,
2022-09-25,18.1,12.6,24.1,2.3,,237.0,11.2,,1007.6,
2022-09-26,18.4,13.9,23.4,0.0,,247.0,17.4,,1005.8,
2022-09-27,17.3,14.4,22.2,0.0,,261.0,15.4,,1011.5,
2022-09-28,15.9,10.8,21.1,0.2,,270.0,10.3,,1019.8,
2022-09-29,15.3,11.7,19.3,0.2,,34.0,12.3,,1027.1,
2022-09-30,14.3,11.1,17.3,0.0,,40.0,19.0,,1025.2,
2022-10-01,14.4,11.7,16.7,33.3,,33.0,23.2,,1016.8,
2022-10-02,13.9,10.8,15.7,7.5,,33.0,25.2,,1018.5,
2022-10-03,10.7,9.5,12.3,9.0,,30.0,20.3,,1022.4,
2022-10-04,11.3,8.8,13.8,71.4,,31.0,18.2,,1015.4,
2022-10-05,14.4,13.0,15.9,21.3,,33.0,9.3,,1013.2,
2022-10-06,16.2,11.6,22.4,0.0,,305.0,4.3,,1014.9,
2022-10-07,17.4,12.3,23.8,0.0,,266.0,9.8,,1015.4,
2022-10-08,12.4,8.5,15.5,0.4,,311.0,6.4,,1021.0,
2022-10-09,11.2,6.5,16.3,0.0,,259.0,13.0,,1021.3,
2022-10-10,13.1,8.0,19.7,0.0,,249.0,10.7,,1023.0,
2022-10-11,13.4,8.0,19.2,0.0,,249.0,8.3,,1026.0,
2022-10-12,14.6,9.9,18.5,0.2,,230.0,10.3,,1022.9,
2022-10-13,17.6,14.6,20.4,17.8,,148.0,7.6,,1012.2,
2022-10-14,14.8,10.5,19.2,20.1,,351.0,5.3,,1012.8,
2022-10-15,13.7,8.7,18.6,0.0,,223.0,9.6,,1016.6,
2022-10-16,13.3,10.4,17.7,0.0,,281.0,8.0,,1013.8,
2022-10-17,15.1,11.1,19.2,4.9,,200.0,11.6,,1005.6,
2022-10-18,10.8,7.9,13.8,0.7,,278.0,13.5,,1004.8,
2022-10-19,8.6,5.0,12.3,0.2,,256.0,18.6,,1011.0,
2022-10-20,9.9,6.1,14.5,0.0,,247.0,20.9,,1015.8,
2022-10-21,10.9,6.5,15.9,0.2,,246.0,7.9,,1020.4,
2022-10-22,11.8,7.2,17.5,0.2,,221.0,7.3,,1024.9,
2022-10-23,12.9,10.2,15.6,11.2,,38.0,17.7,,1024.7,
2022-10-24,14.7,12.6,16.5,11.4,,30.0,19.0,,1021.4,
2022-10-25,17.7,15.9,20.2,0.4,,50.0,10.4,,1018.5,
2022-10-26,18.1,15.6,21.5,0.6,,21.0,8.2,,1010.6,
2022-10-27,14.2,10.4,17.6,0.0,,305.0,10.5,,1019.6,
2022-10-28,9.8,6.9,13.3,0.5,,40.0,16.9,,1032.6,
2022-10-29,9.3,5.6,14.3,0.0,,47.0,12.0,,1031.3,
2022-10-30,10.2,4.6,15.8,0.0,,299.0,4.6,,1024.2,
2022-10-31,14.0,10.8,17.4,3.3,,255.0,8.2,,1018.3,
2022-11-01,15.8,13.7,20.0,5.8,,251.0,8.2,,1017.0,
2022-11-02,14.8,11.0,19.9,0.0,,13.0,5.8,,1025.2,
2022-11-03,12.2,8.4,17.5,0.0,,106.0,7.8,,1028.4,
2022-11-04,13.8,8.6,19.1,0.0,,254.0,7.5,,1027.2,
2022-11-05,17.9,15.1,21.8,0.0,,226.0,9.4,,1024.0,
2022-11-06,19.5,17.8,22.9,1.3,,265.0,7.2,,1022.8,
2022-11-07,19.0,12.3,23.2,0.4,,295.0,9.9,,1022.7,
2022-11-08,10.2,7.4,13.6,0.0,,11.0,12.6,,1034.1,
2022-11-09,7.5,4.3,10.6,0.2,,82.0,13.3,,1036.6,
2022-11-10,11.8,7.4,17.4,0.0,,244.0,8.6,,1028.1,
2022-11-11,16.3,12.0,18.9,11.9,,176.0,15.9,,1015.0,
2022-11-12,18.4,14.1,21.0,5.0,,248.0,16.6,,1003.7,
2022-11-13,10.3,5.7,14.5,2.6,,351.0,5.5,,1013.3,
2022-11-14,5.1,2.8,8.1,0.0,,293.0,9.6,,1026.9,
2022-11-15,5.3,2.1,8.0,6.0,,45.0,17.9,,1028.6,
2022-11-16,8.0,3.9,11.9,16.8,,298.0,16.2,,1013.4,
2022-11-17,4.1,1.7,8.0,0.0,,265.0,18.4,,1015.1,
2022-11-18,3.2,0.5,6.3,0.6,,261.0,23.6,,1020.0,
2022-11-19,1.8,-1.4,4.4,0.0,,253.0,18.9,,1021.8,
2022-11-20,0.6,-2.0,2.5,0.0,,269.0,14.5,,1021.3,
2022-11-21,0.7,-3.2,4.4,0.2,,250.0,18.4,,1029.3,
2022-11-22,4.7,0.3,8.7,0.2,,253.0,14.2,,1026.3,
2022-11-23,5.8,1.7,11.7,0.4,,273.0,10.9,,1024.1,
2022-11-24,5.9,1.4,10.9,0.0,,279.0,9.8,,1027.6,
2022-11-25,7.7,5.3,11.7,3.0,,284.0,11.2,,1013.9,
2022-11-26,7.2,3.8,11.9,0.0,,276.0,11.2,,1016.3,
2022-11-27,9.6,5.7,14.7,8.0,,249.0,11.4,,1006.0,
2022-11-28,9.3,4.2,11.8,0.0,,282.0,13.1,,1007.6,
2022-11-29,3.8,0.5,6.6,0.0,,40.0,6.4,,1025.0,
2022-11-30,9.0,4.6,13.0,8.9,,296.0,14.0,,1014.0,
2022-12-01,2.8,0.3,6.2,0.2,,269.0,12.6,,1024.6,
2022-12-02,2.1,-2.5,5.3,0.4,,230.0,10.2,,1033.2,
2022-12-03,10.2,5.2,12.9,4.5,,262.0,14.5,,1020.6,
2022-12-04,3.9,1.2,6.2,0.2,,279.0,8.6,,1022.7,
2022-12-05,2.7,-2.3,7.1,0.2,,244.0,8.7,,1025.5,
2022-12-06,9.2,1.3,13.0,11.1,,74.0,10.6,,1026.0,
2022-12-07,12.5,11.3,13.4,14.3,,261.0,8.4,,1021.5,
2022-12-08,8.5,4.8,11.6,0.4,,329.0,6.5,,1023.2,
2022-12-09,3.2,0.2,7.1,0.2,,41.0,10.6,,1025.5,
2022-12-10,1.8,-1.2,4.7,0.2,,39.0,16.1,,1028.6,
2022-12-11,3.5,1.2,5.1,4.6,,39.0,17.9,,1023.0,
2022-12-12,1.1,-2.7,4.4,0.8,,33.0,8.6,,1022.1,
2022-12-13,-1.0,-5.0,4.9,0.0,,312.0,6.8,,1024.7,
2022-12-14,0.4,-1.9,4.2,0.0,,344.0,9.0,,1021.2,
2022-12-15,2.6,-1.6,5.8,9.1,,40.0,23.4,,1020.3,
2022-12-16,5.4,3.5,8.0,38.5,,9.0,20.8,,1004.2,
2022-12-17,3.5,0.2,6.9,0.4,,264.0,12.9,,1007.7,
2022-12-18,0.6,-2.2,4.3,0.0,,271.0,11.5,,1014.4,
2022-12-19,0.1,-2.3,3.6,0.0,,265.0,12.4,,1023.7,
2022-12-20,-0.2,-2.6,3.3,0.0,,308.0,7.2,,1029.7,
2022-12-21,-0.5,-3.7,3.3,0.0,,274.0,5.9,,1032.7,
2022-12-22,4.1,-1.8,10.5,13.4,,39.0,21.2,,1023.8,
2022-12-23,2.4,-12.7,12.5,10.5,,242.0,28.9,,994.1,
2022-12-24,-10.1,-12.9,-6.5,0.0,,265.0,31.8,,1010.3,
2022-12-25,-5.7,-9.2,-2.3,0.0,,262.0,25.0,,1014.7,
2022-12-26,-4.2,-7.9,-1.0,0.0,,259.0,15.5,,1023.4,
2022-12-27,-1.6,-4.8,2.6,0.7,,257.0,15.1,,1025.6,
2022-12-28,1.0,-3.9,6.6,0.0,,247.0,11.2,,1026.8,
2022-12-29,2.6,-0.8,7.9,0.0,,272.0,9.0,,1026.6,
2022-12-30,5.6,1.1,11.8,0.0,,282.0,7.2,,1025.0,
2022-12-31,8.7,5.1,10.8,6.7,,293.0,7.1,,1015.7,
2023-01-01,8.1,4.6,10.6,0.7,,244.0,9.6,,1013.5,
2023-01-02,7.5,4.2,12.3,0.5,,220.0,6.9,,1020.1,
2023-01-03,10.2,7.9,13.6,9.4,,332.0,5.3,,1014.8,
2023-01-04,13.0,10.2,17.1,14.9,,293.0,10.2,,1010.9,
2023-01-05,10.9,7.9,13.7,0.0,,47.0,10.4,,1014.2,
2023-01-06,5.9,3.1,7.9,9.8,,303.0,9.2,,1016.5,
2023-01-07,3.4,0.6,7.5,0.0,,270.0,10.0,,1021.6,
2023-01-08,0.8,-2.3,2.8,0.2,,260.0,7.5,,1025.1,
2023-01-09,3.2,1.1,7.5,1.6,,259.0,9.4,,1014.7,
2023-01-10,2.7,-0.1,6.4,0.7,,258.0,10.9,,1017.8,
2023-01-11,0.9,-1.6,3.6,0.0,,59.0,13.7,,1023.8,
2023-01-12,6.4,0.4,10.8,12.0,,62.0,14.3,,1017.1,
2023-01-13,8.7,2.6,12.9,5.1,,307.0,6.9,,1002.9,
2023-01-14,1.1,-0.2,2.6,0.4,,46.0,10.4,,1010.4,
2023-01-15,0.7,-1.8,4.8,1.5,,4.0,10.5,,1015.8,
2023-01-16,1.4,-2.4,7.6,0.2,,319.0,6.7,,1012.5,
2023-01-17,2.5,-2.0,6.6,2.5,,264.0,7.9,,1006.7,
2023-01-18,6.4,3.6,9.7,0.2,,290.0,7.2,,1009.9,
2023-01-19,4.3,2.4,6.9,23.0,,32.0,12.0,,1012.2,
2023-01-20,5.7,3.3,8.3,0.0,,273.0,10.1,,1006.3,
2023-01-21,2.5,-1.1,5.7,0.1,,276.0,9.3,,1020.6,
2023-01-22,2.2,-2.9,6.0,6.9,,195.0,12.5,,1018.7,
2023-01-23,2.8,0.8,4.5,10.6,,347.0,8.6,,1004.9,
2023-01-24,1.9,-1.2,7.6,0.0,,278.0,10.9,,1021.0,
2023-01-25,3.1,-2.0,11.0,23.2,,44.0,14.1,,1018.9,
2023-01-26,6.8,2.0,11.5,8.4,,260.0,23.1,,1004.2,
2023-01-27,1.8,-1.3,5.8,0.5,,254.0,14.4,,1019.5,
2023-01-28,5.6,0.1,11.0,0.7,,256.0,12.9,,1024.6,
2023-01-29,8.2,6.1,10.6,0.0,,280.0,8.8,,1023.4,
2023-01-30,8.3,5.0,12.8,0.0,,264.0,7.8,,1020.7,
2023-01-31,3.8,1.1,7.8,1.7,,313.0,9.5,,1022.2,
2023-02-01,1.3,-1.1,5.0,1.2,,313.0,13.2,,1024.8,
2023-02-02,1.9,-1.1,5.0,0.2,,257.0,14.9,,1019.8,
2023-02-03,-3.3,-10.0,2.2,0.5,,302.0,11.4,,1017.1,
2023-02-04,-7.9,-13.3,-2.8,0.0,,272.0,11.9,,1034.6,
2023-02-05,3.7,-2.2,9.4,0.0,,250.0,10.6,,1022.2,
2023-02-06,6.5,2.2,11.7,0.4,,33.0,9.1,,1017.4,
2023-02-07,3.1,0.6,5.6,1.5,,147.0,11.3,,1025.5,
2023-02-08,7.8,3.3,13.3,0.4,,270.0,8.9,,1022.8,
2023-02-09,7.9,3.9,11.7,0.0,,193.0,6.1,,1020.8,
2023-02-10,12.6,7.8,15.6,0.0,,272.0,11.5,,1012.6,
2023-02-11,5.9,3.3,9.4,0.0,,263.0,8.4,,1024.2,
2023-02-12,5.2,2.2,7.8,1.1,,328.0,8.9,,1017.7,
2023-02-13,9.1,5.0,13.9,0.2,,309.0,12.9,,1003.3,
2023-02-14,8.9,5.6,12.8,0.0,,298.0,7.0,,1017.0,
2023-02-15,12.4,7.2,17.8,0.4,,255.0,11.0,,1017.2,
2023-02-16,13.3,10.6,16.7,1.3,,272.0,8.1,,1014.9,
2023-02-17,9.5,1.1,15.0,4.7,,297.0,9.6,,1006.5,
2023-02-18,2.7,-1.7,7.2,0.2,,275.0,12.4,,1026.2,
2023-02-19,5.7,2.8,9.4,0.0,,229.0,10.8,,1024.1,
2023-02-20,10.4,7.2,16.1,0.0,,259.0,10.4,,1007.0,
2023-02-21,6.0,3.3,8.9,5.2,,353.0,11.4,,1005.4,
2023-02-22,4.7,3.3,6.1,3.4,,354.0,9.3,,1018.5,
2023-02-23,4.8,3.9,6.1,0.5,,62.0,15.2,,1013.5,
2023-02-24,4.8,-2.2,8.3,0.0,,322.0,8.8,,1023.8,
2023-02-25,-1.4,-3.9,0.6,0.5,,126.0,8.6,,1029.1,
2023-02-26,3.9,-0.6,10.6,1.0,,269.0,12.1,,1013.2,
2023-02-27,3.7,1.0,6.7,1.7,,65.0,11.7,,1013.3,
2023-02-28,2.3,1.0,3.3,8.8,,345.0,16.7,,1008.6,
2023-03-01,4.8,2.2,6.7,2.1,,76.0,11.8,,1018.9,
2023-03-02,7.0,3.5,11.7,2.5,,345.0,8.3,,1007.5,
2023-03-03,5.2,3.3,7.2,2.2,,75.0,13.6,,1015.3,
2023-03-04,5.9,4.4,8.0,10.8,,359.0,14.9,,1003.0,
2023-03-05,7.5,3.9,12.2,0.3,,307.0,7.3,,1020.0,
2023-03-06,8.3,4.4,12.2,0.0,,303.0,8.8,,1018.5,
2023-03-07,4.8,1.1,9.4,4.6,,315.0,8.0,,1011.4,
2023-03-08,4.4,0.0,9.4,0.0,,311.0,8.1,,1020.6,
2023-03-09,6.0,1.7,12.2,0.5,,16.0,8.7,,1021.7,
2023-03-10,5.3,3.3,7.2,6.4,,71.0,11.1,,1014.6,
2023-03-11,4.8,3.3,7.2,9.5,,31.0,11.1,,1008.7,
2023-03-12,4.8,1.7,8.3,0.0,,85.0,9.3,,1016.7,
2023-03-13,4.9,3.3,6.0,14.6,,76.0,22.5,,1012.0,
2023-03-14,2.1,1.4,2.8,9.4,,293.0,39.1,,1000.9,
2023-03-15,2.9,0.6,6.4,0.0,,309.0,37.0,,1008.9,
2023-03-16,5.3,-0.7,13.0,0.0,,281.0,18.3,,1016.3,
2023-03-17,8.6,2.8,12.8,0.1,,216.0,11.2,,1007.0,
2023-03-18,9.3,6.1,12.2,2.3,,287.0,10.3,,1006.4,
2023-03-19,2.9,0.0,5.0,0.0,,268.0,14.9,,1016.9,
2023-03-20,5.2,0.0,10.0,0.0,,244.0,11.8,,1025.3,
2023-03-21,10.1,3.3,16.7,0.0,,252.0,12.4,,1027.7,
2023-03-22,10.2,7.2,15.6,0.0,,238.0,8.1,,1026.7,
2023-03-23,11.3,8.0,14.0,1.9,,291.0,8.9,,1013.7,
2023-03-24,9.6,6.7,13.3,0.1,,294.0,6.8,,1014.5,
2023-03-25,6.6,6.1,7.8,10.2,,50.0,23.6,,1013.5,
2023-03-26,11.4,5.9,17.2,0.0,,270.0,14.1,,1012.1,
2023-03-27,10.1,6.7,13.9,3.5,,47.0,11.4,,1016.1,
2023-03-28,8.5,6.7,11.1,0.0,,345.0,6.3,,1018.3,
2023-03-29,8.1,5.6,12.8,0.2,,257.0,11.5,,1020.0,
2023-03-30,5.0,0.6,9.4,0.0,,287.0,7.7,,1025.2,
2023-03-31,7.9,3.9,12.8,0.0,,240.0,9.7,,1023.0,
2023-04-01,15.1,11.1,20.0,4.4,,271.0,11.9,,1000.5,
2023-04-02,9.0,5.6,12.2,0.3,,320.0,6.7,,1012.1,
2023-04-03,9.3,4.4,13.9,0.0,,164.0,13.6,,1019.5,
2023-04-04,14.9,8.9,20.6,0.0,,12.0,6.8,,1017.1,
2023-04-05,10.5,8.3,12.8,0.1,,42.0,19.4,,1022.7,
2023-04-06,15.9,11.2,24.4,1.7,,351.0,7.8,,1020.3,
2023-04-07,12.0,7.2,14.4,0.7,,311.0,7.0,,1026.9,
2023-04-08,7.1,3.9,11.0,0.0,,286.0,10.0,,1032.1,
2023-04-09,8.2,4.4,12.8,0.0,,145.0,12.5,,1032.8,
2023-04-10,11.0,3.4,17.8,0.0,,242.0,10.3,,1030.2,
2023-04-11,15.9,8.9,21.7,0.0,,256.0,15.6,,1019.8,
2023-04-12,21.3,17.2,28.3,0.0,,281.0,15.4,,1010.9,
2023-04-13,21.8,13.5,28.9,0.0,,261.0,14.7,,1011.1,
2023-04-14,21.5,14.3,28.8,0.0,,208.0,16.9,,1011.5,
2023-04-15,16.5,14.0,18.4,9.2,,162.0,13.9,,1012.3,
2023-04-16,16.2,13.0,20.6,0.0,,25.0,6.5,,1010.3,
2023-04-17,14.5,12.0,18.9,2.1,,329.0,17.0,,1002.8,
2023-04-18,11.3,8.7,14.0,0.1,,265.0,26.1,,1007.4,
2023-04-19,10.7,4.7,17.1,0.0,,278.0,17.4,,1016.9,
2023-04-20,11.6,8.9,15.6,0.0,,119.0,12.8,,1022.5,
2023-04-21,14.0,8.2,20.0,0.0,,87.0,13.2,,1018.6,
2023-04-22,14.7,11.1,19.0,4.7,,61.0,18.0,,1013.9,
2023-04-23,15.0,11.7,19.4,25.1,,358.0,9.0,,1011.6,
2023-04-24,12.1,7.8,16.7,0.0,,291.0,6.6,,1017.5,
2023-04-25,12.2,9.4,14.4,0.0,,291.0,7.3,,1021.3,
2023-04-26,12.1,10.0,14.4,0.2,,107.0,11.6,,1023.5,
2023-04-27,11.9,10.6,13.9,2.4,,144.0,8.0,,1023.2,
2023-04-28,11.1,9.0,12.8,6.0,,57.0,19.6,,1021.0,
2023-04-29,10.9,8.9,12.2,32.0,,40.0,24.1,,1012.4,
2023-04-30,13.2,11.3,16.0,41.3,,37.0,17.7,,998.8,
2023-05-01,13.4,10.0,16.1,1.4,,261.0,18.0,,993.0,
2023-05-02,11.2,9.4,13.9,3.0,,254.0,16.6,,996.4,
2023-05-03,11.1,8.9,14.4,0.7,,253.0,12.1,,999.8,
2023-05-04,10.8,9.4,12.8,2.9,,319.0,8.7,,1011.2,
2023-05-05,13.0,10.6,16.7,2.3,,95.0,8.2,,1022.3,
2023-05-06,16.0,10.6,22.8,0.0,,276.0,6.6,,1023.0,
2023-05-07,18.8,12.8,25.0,0.2,,250.0,9.0,,1015.3,
2023-05-08,20.2,15.0,26.1,7.3,,313.0,7.3,,1008.7,
2023-05-09,16.5,12.8,19.4,0.0,,92.0,11.7,,1014.8,
2023-05-10,16.4,11.7,22.2,0.0,,242.0,8.0,,1020.5,
2023-05-11,20.1,13.9,26.1,0.0,,244.0,9.4,,1019.2,
2023-05-12,23.1,15.6,28.9,0.0,,250.0,10.1,,1017.5,
2023-05-13,23.0,20.0,26.1,0.0,,284.0,5.1,,1016.1,
2023-05-14,19.6,16.1,24.4,0.0,,59.0,11.0,,1021.5,
2023-05-15,18.1,13.3,22.8,0.0,,272.0,13.2,,1021.6,
2023-05-16,20.3,13.9,25.6,0.0,,256.0,16.7,,1006.9,
2023-05-17,16.6,12.8,19.4,0.0,,351.0,10.7,,1008.7,
2023-05-18,12.5,9.4,15.6,0.0,,116.0,13.3,,1026.1,
2023-05-19,15.6,12.2,19.4,0.0,,167.0,12.9,,1026.9,
2023-05-20,15.9,14.1,17.3,31.4,,19.0,7.0,,1017.2,
2023-05-21,18.2,13.3,21.7,0.0,,313.0,4.7,,1014.4,
2023-05-22,18.1,14.4,22.8,0.0,,48.0,10.4,,1021.7,
2023-05-23,15.8,13.9,19.4,0.0,,101.0,13.2,,1026.6,
2023-05-24,17.3,13.3,24.4,0.0,,71.0,8.5,,1018.2,
2023-05-25,16.1,11.1,21.1,0.0,,53.0,12.8,,1020.4,
2023-05-26,18.2,13.9,23.3,0.0,,42.0,7.7,,1024.7,
2023-05-27,19.4,15.6,25.0,0.0,,178.0,8.2,,1025.9,
2023-05-28,19.6,15.0,24.4,0.0,,246.0,6.9,,1020.4,
2023-05-29,19.7,16.1,25.0,0.0,,91.0,12.9,,1017.4,
2023-05-30,16.7,13.3,20.6,1.0,,91.0,14.4,,1023.0,
2023-05-31,17.6,12.8,22.8,0.0,,123.0,10.2,,1022.6,
2023-06-01,20.9,16.1,26.7,0.2,,285.0,5.7,,1018.8,
2023-06-02,23.0,17.8,30.0,0.0,,290.0,7.3,,1012.9,
2023-06-03,18.5,14.4,21.1,0.0,,54.0,18.8,,1015.3,
2023-06-04,16.0,11.7,20.6,0.2,,47.0,12.2,,1016.7,
2023-06-05,19.3,14.4,24.4,0.2,,344.0,6.5,,1011.7,
2023-06-06,20.8,17.2,27.2,0.4,,294.0,8.0,,1005.0,
2023-06-07,18.4,15.0,22.0,0.0,,319.0,4.3,,1003.9,
2023-06-08,18.4,14.4,22.2,0.4,,270.0,7.0,,1006.1,
2023-06-09,18.3,15.0,22.2,0.0,,311.0,6.9,,1007.2,
2023-06-10,20.3,15.0,25.6,0.4,,290.0,6.5,,1008.9,
2023-06-11,22.2,18.9,26.1,1.2,,8.0,5.4,,1011.2,
2023-06-12,21.1,18.5,23.9,9.1,,113.0,10.6,,1007.3,
2023-06-13,21.8,18.3,25.6,1.0,,264.0,11.1,,1004.9,
2023-06-14,20.1,18.3,23.9,14.4,,235.0,11.8,,1001.5,
2023-06-15,21.4,16.7,26.1,3.2,,268.0,10.4,,1003.7,
2023-06-16,20.6,18.3,25.6,24.4,,271.0,8.0,,1006.4,
2023-06-17,20.8,17.2,25.6,0.0,,323.0,6.6,,1005.4,
2023-06-18,22.4,17.8,27.2,0.7,,282.0,8.7,,1010.7,
2023-06-19,21.7,19.0,25.6,0.2,,87.0,13.3,,1017.5,
2023-06-20,20.7,17.8,25.0,0.0,,65.0,13.2,,1022.4,
2023-06-21,19.1,16.7,22.2,0.0,,52.0,20.8,,1024.3,
2023-06-22,18.5,16.0,21.7,1.5,,38.0,19.6,,1021.1,
2023-06-23,19.5,18.0,21.0,3.8,,88.0,9.7,,1017.0,
2023-06-24,22.2,19.3,26.1,9.8,,345.0,4.7,,1011.2,
2023-06-25,23.8,19.1,29.4,3.3,,210.0,6.7,,1009.9,
2023-06-26,22.8,21.0,26.1,2.1,,43.0,9.3,,1007.8,
2023-06-27,22.3,20.0,27.0,6.9,,256.0,7.3,,1006.1,
2023-06-28,23.5,20.0,27.8,2.7,,288.0,4.7,,1009.6,
2023-06-29,23.5,19.4,28.3,0.4,,281.0,5.8,,1016.0,
2023-06-30,24.3,20.6,28.9,0.6,,258.0,6.4,,1017.7,
2023-07-01,23.6,20.6,27.2,0.2,,208.0,11.7,,1017.2,
2023-07-02,25.0,22.0,30.6,16.2,,188.0,6.6,,1011.4,
2023-07-03,27.0,23.3,31.1,13.5,,266.0,8.3,,1010.1,
2023-07-04,24.2,23.0,27.8,5.5,,254.0,5.3,,1012.5,
2023-07-05,27.2,22.8,33.3,0.3,,294.0,5.6,,1014.9,
2023-07-06,27.0,23.9,31.1,0.4,,193.0,9.3,,1013.8,
2023-07-07,25.7,23.3,29.4,0.3,,350.0,6.1,,1011.5,
2023-07-08,25.5,23.9,28.9,3.9,,108.0,5.2,,1010.9,
2023-07-09,25.2,23.0,27.2,24.0,,62.0,6.4,,1009.9,
2023-07-10,26.0,22.2,31.1,1.4,,301.0,8.5,,1008.2,
2023-07-11,26.8,21.7,31.1,0.2,,255.0,8.4,,1012.0,
2023-07-12,28.1,23.3,32.8,0.2,,248.0,7.6,,1013.2,
2023-07-13,28.1,24.4,31.1,0.2,,216.0,9.5,,1011.2,
2023-07-14,26.1,23.0,29.4,12.0,,41.0,11.4,,1012.0,
2023-07-15,26.0,22.2,31.7,0.4,,244.0,6.9,,1013.7,
2023-07-16,24.7,23.0,25.6,24.1,,230.0,7.1,,1010.1,
2023-07-17,26.5,21.1,31.7,0.0,,254.0,8.0,,1013.3,
2023-07-18,25.6,23.0,28.9,2.3,,238.0,8.3,,1014.3,
2023-07-19,24.5,23.3,27.8,1.8,,256.0,6.2,,1016.3,
2023-07-20,26.2,23.3,30.0,0.6,,205.0,8.8,,1014.8,
2023-07-21,26.1,22.8,30.0,34.6,,258.0,6.9,,1008.2,
2023-07-22,25.7,21.7,30.0,0.9,,304.0,6.1,,1009.2,
2023-07-23,26.6,22.8,32.8,0.4,,270.0,5.7,,1014.5,
2023-07-24,26.0,23.3,29.4,0.0,,216.0,10.0,,1019.0,
2023-07-25,24.3,21.7,30.0,18.3,,239.0,8.9,,1018.4,
2023-07-26,25.4,20.6,30.0,0.2,,235.0,10.1,,1018.6,
2023-07-27,28.3,23.9,32.2,0.4,,253.0,14.4,,1014.4,
2023-07-28,29.0,25.0,33.3,0.2,,278.0,5.7,,1014.9,
2023-07-29,27.3,24.4,31.1,2.3,,256.0,12.7,,1008.9,
2023-07-30,23.7,19.4,28.3,0.0,,314.0,7.4,,1013.2,
2023-07-31,24.3,20.6,27.8,0.4,,235.0,8.4,,1015.1,
2023-08-01,24.0,21.1,27.2,0.0,,17.0,8.5,,1019.8,
2023-08-02,23.2,20.6,27.2,0.4,,61.0,10.2,,1022.7,
2023-08-03,22.6,20.0,26.1,0.6,,215.0,13.3,,1019.6,
2023-08-04,22.8,21.7,24.0,0.4,,222.0,13.7,,1014.8,
2023-08-05,25.6,21.7,29.4,1.9,,321.0,7.6,,1014.6,
2023-08-06,25.6,22.8,28.9,0.0,,179.0,10.1,,1016.1,
2023-08-07,23.9,20.6,27.2,17.1,,204.0,13.0,,1011.6,
2023-08-08,23.8,21.7,26.7,1.6,,253.0,14.4,,1004.7,
2023-08-09,25.6,21.1,31.1,0.2,,275.0,11.9,,1007.1,
2023-08-10,23.4,21.1,27.2,11.3,,262.0,5.7,,1005.8,
2023-08-11,24.7,20.0,29.4,0.0,,253.0,11.4,,1008.3,
2023-08-12,25.5,22.8,29.0,0.5,,170.0,10.7,,1012.0,
2023-08-13,26.2,21.1,31.7,0.1,,296.0,7.1,,1011.8,
2023-08-14,25.9,22.8,31.7,0.1,,204.0,7.0,,1014.2,
2023-08-15,24.2,21.7,27.8,17.6,,42.0,11.7,,1008.6,
2023-08-16,24.0,21.1,28.3,2.4,,81.0,9.4,,1013.0,
2023-08-17,23.9,22.8,26.0,5.2,,95.0,11.7,,1013.8,
2023-08-18,24.5,20.0,28.3,2.5,,272.0,11.1,,1007.9,
2023-08-19,22.6,17.8,27.2,0.0,,267.0,12.9,,1015.2,
2023-08-20,25.0,19.4,30.6,0.0,,248.0,10.2,,1018.9,
2023-08-21,27.0,22.2,31.7,0.0,,274.0,6.2,,1017.3,
2023-08-22,24.0,21.1,27.2,0.0,,47.0,9.0,,1018.5,
2023-08-23,23.0,20.6,27.2,0.0,,77.0,10.6,,1020.0,
2023-08-24,21.6,19.4,23.3,2.0,,171.0,9.8,,1017.9,
2023-08-25,23.3,21.7,25.6,3.8,,233.0,7.7,,1012.1,
2023-08-26,25.5,22.8,28.9,0.0,,299.0,6.6,,1010.3,
2023-08-27,25.3,21.7,30.6,0.3,,23.0,7.0,,1013.2,
2023-08-28,22.5,21.7,24.4,0.0,,90.0,11.6,,1017.2,
2023-08-29,23.0,20.6,25.6,0.7,,51.0,10.0,,1013.9,
2023-08-30,24.5,22.0,29.4,0.2,,291.0,6.4,,1007.0,
2023-08-31,22.6,19.4,26.1,0.0,,22.0,11.5,,1014.1,
2023-09-01,21.4,17.8,25.6,0.0,,52.0,12.6,,1024.5,
2023-09-02,21.8,17.8,26.7,0.0,,230.0,12.0,,1021.9,
2023-09-03,26.1,20.6,32.8,0.2,,246.0,9.1,,1014.1,
2023-09-04,27.3,23.9,32.2,6.9,,309.0,6.8,,1011.6,
2023-09-05,28.8,25.0,33.9,0.0,,354.0,4.4,,1013.0,
2023-09-06,29.0,25.0,33.3,0.7,,326.0,3.6,,1010.6,
2023-09-07,28.6,25.0,33.3,0.2,,238.0,6.7,,1009.6,
2023-09-08,25.8,23.9,32.2,4.6,,356.0,7.3,,1013.8,
2023-09-09,25.5,23.3,30.0,2.8,,338.0,5.0,,1018.3,
2023-09-10,23.5,21.0,25.6,4.9,,34.0,7.6,,1018.9,
2023-09-11,24.4,22.0,28.3,20.0,,47.0,8.5,,1015.8,
2023-09-12,24.4,21.0,30.0,0.2,,317.0,5.7,,1015.5,
2023-09-13,24.2,22.2,27.8,4.9,,241.0,9.1,,1013.3,
2023-09-14,23.0,19.4,27.2,0.4,,10.0,10.3,,1017.0,
2023-09-15,19.0,16.1,22.8,0.0,,34.0,9.2,,1017.2,
2023-09-16,21.0,16.7,26.7,0.0,,287.0,7.8,,1013.0,
2023-09-17,21.0,16.1,25.6,0.3,,256.0,6.9,,1013.9,
2023-09-18,19.2,17.8,21.0,29.9,,6.0,6.7,,1008.7,
2023-09-19,20.2,15.6,26.0,0.0,,278.0,9.0,,1014.2,
2023-09-20,20.7,16.1,25.6,0.0,,267.0,8.8,,1020.8,
2023-09-21,20.3,16.7,23.9,0.0,,28.0,6.9,,1024.6,
2023-09-22,19.7,17.8,23.3,0.0,,50.0,17.0,,1027.0,
2023-09-23,16.4,15.6,17.8,20.6,,33.0,28.5,,1019.8,
2023-09-24,17.8,17.0,19.0,29.5,,41.0,27.2,,1015.3,
2023-09-25,16.5,15.6,17.8,11.6,,32.0,23.5,,1017.9,
2023-09-26,15.8,15.0,16.7,7.2,,30.0,15.2,,1026.6,
2023-09-27,16.4,12.8,19.4,0.0,,44.0,17.3,,1026.9,
2023-09-28,16.2,14.4,18.9,2.6,,38.0,18.4,,1024.8,
2023-09-29,16.1,15.6,16.7,78.9,,32.0,20.9,,1021.0,
2023-09-30,17.1,15.0,19.4,13.5,,35.0,11.1,,1021.5,
2023-10-01,20.8,16.1,27.2,0.0,,351.0,5.1,,1021.7,
2023-10-02,21.6,18.9,26.7,0.0,,3.0,7.8,,1022.1,
2023-10-03,21.7,17.2,27.8,0.0,,282.0,5.7,,1021.6,
2023-10-04,22.2,18.9,28.3,0.0,,253.0,6.9,,1022.4,
2023-10-05,20.6,17.2,24.4,0.0,,50.0,7.2,,1023.2,
2023-10-06,20.6,19.0,22.2,2.8,,68.0,9.7,,1016.6,
2023-10-07,18.1,13.3,20.0,26.4,,13.0,8.8,,1006.4,
2023-10-08,13.9,11.1,16.7,0.0,,265.0,21.8,,1005.1,
2023-10-09,13.8,10.6,17.2,0.0,,260.0,17.1,,1008.9,
2023-10-10,15.1,12.8,18.3,0.0,,259.0,10.1,,1010.1,
2023-10-11,17.7,14.4,22.8,0.0,,268.0,6.7,,1011.4,
2023-10-12,17.9,13.9,23.3,0.0,,239.0,6.5,,1012.2,
2023-10-13,16.0,12.8,20.0,0.0,,326.0,8.0,,1014.8,
2023-10-14,12.9,11.1,15.0,17.2,,37.0,11.7,,1009.3,
2023-10-15,13.9,11.1,17.8,2.1,,346.0,6.8,,1000.5,
2023-10-16,14.2,9.4,20.0,0.1,,279.0,8.3,,1003.9,
2023-10-17,14.9,11.7,18.3,0.0,,330.0,6.6,,1013.2,
2023-10-18,15.7,13.9,17.8,0.1,,244.0,6.3,,1020.6,
2023-10-19,15.3,11.7,18.9,0.0,,229.0,10.3,,1020.2,
2023-10-20,16.7,15.6,18.0,20.3,,149.0,10.7,,1007.1,
2023-10-21,16.2,14.4,19.4,3.2,,319.0,8.6,,993.7,
2023-10-22,13.2,10.0,16.1,0.0,,296.0,14.4,,1004.6,
2023-10-23,13.3,9.4,18.9,0.0,,329.0,6.0,,1020.0,
2023-10-24,14.8,11.1,19.4,0.0,,319.0,9.0,,1027.7,
2023-10-25,17.2,12.2,23.9,0.0,,256.0,12.0,,1025.7,
2023-10-26,20.0,15.0,26.7,0.0,,265.0,8.0,,1023.2,
2023-10-27,19.2,16.7,24.4,0.1,,262.0,8.5,,1019.6,
2023-10-28,21.8,17.8,27.8,0.0,,261.0,9.1,,1016.5,
2023-10-29,13.8,12.2,17.8,6.0,,37.0,16.5,,1018.7,
2023-10-30,13.8,11.1,16.1,0.1,,0.0,7.2,,1010.5,
2023-10-31,10.9,9.4,12.8,0.2,,50.0,8.5,,1017.9,
2023-11-01,9.1,5.6,13.0,1.9,,338.0,8.7,,1018.2,
2023-11-02,7.4,3.9,11.7,0.0,,248.0,11.7,,1031.3,
2023-11-03,10.0,6.1,15.0,0.0,,235.0,13.6,,1031.1,
2023-11-04,11.8,8.9,15.6,0.0,,247.0,9.2,,1023.4,
2023-11-05,13.8,10.6,19.4,0.0,,292.0,5.7,,1017.7,
2023-11-06,11.5,9.4,13.3,0.0,,94.0,9.9,,1019.7,
2023-11-07,14.9,12.8,18.3,5.2,,274.0,9.5,,1009.7,
2023-11-08,10.1,7.8,12.8,0.0,,347.0,9.8,,1018.0,
2023-11-09,12.2,7.8,15.6,7.0,,347.0,7.4,,1013.2,
2023-11-10,10.7,7.8,12.2,0.3,,266.0,13.4,,1019.8,
2023-11-11,10.0,7.2,15.0,0.0,,321.0,6.9,,1026.9,
2023-11-12,7.1,4.4,9.4,0.0,,40.0,12.8,,1031.9,
2023-11-13,7.5,4.4,11.1,0.4,,230.0,8.5,,1026.2,
2023-11-14,9.7,6.1,14.4,0.0,,311.0,7.7,,1025.5,
2023-11-15,9.3,6.1,12.2,0.0,,243.0,11.7,,1029.2,
2023-11-16,13.1,7.8,20.0,0.0,,260.0,8.2,,1023.9,
2023-11-17,14.9,11.1,18.9,0.0,,259.0,8.4,,1016.3,
2023-11-18,12.2,6.7,15.6,1.0,,322.0,5.8,,1008.3,
2023-11-19,9.2,5.0,13.9,0.0,,265.0,10.4,,1014.3,
2023-11-20,6.6,4.4,10.0,0.0,,16.0,11.6,,1028.1,
2023-11-21,6.6,3.9,9.0,9.7,,53.0,22.5,,1029.1,
2023-11-22,11.7,9.4,14.0,24.8,,345.0,9.3,,1006.6,
2023-11-23,10.1,8.0,13.9,0.0,,299.0,7.5,,1011.6,
2023-11-24,8.1,1.7,12.8,0.0,,307.0,8.3,,1021.2,
2023-11-25,3.6,1.1,6.7,0.0,,252.0,8.5,,1029.4,
2023-11-26,7.5,3.3,12.8,6.5,,38.0,14.3,,1019.8,
2023-11-27,8.3,3.3,12.8,1.6,,260.0,17.3,,1007.2,
2023-11-28,2.8,1.1,5.6,0.0,,270.0,13.6,,1012.4,
2023-11-29,1.2,-1.7,3.9,0.0,,254.0,19.0,,1019.4,
2023-11-30,6.4,1.7,11.7,0.0,,251.0,14.4,,1020.8,
2023-12-01,7.1,5.6,8.3,4.5,,242.0,8.7,,1020.7,
2023-12-02,10.3,8.0,14.4,0.0,,282.0,7.4,,1016.7,
2023-12-03,9.5,8.3,10.6,19.0,,34.0,14.8,,1009.4,
2023-12-04,8.6,6.1,11.1,0.0,,262.0,14.0,,1008.9,
2023-12-05,5.6,4.4,6.7,0.0,,308.0,8.9,,1016.4,
2023-12-06,4.3,1.7,6.1,0.0,,356.0,9.6,,1016.2,
2023-12-07,2.6,1.1,4.4,0.0,,270.0,11.9,,1017.4,
2023-12-08,7.2,3.9,11.1,0.0,,246.0,8.5,,1021.9,
2023-12-09,10.6,7.8,15.0,0.0,,5.0,5.4,,1022.3,
2023-12-10,13.6,10.6,15.0,20.4,,303.0,5.8,,1012.0,
2023-12-11,6.1,3.9,10.0,24.6,,319.0,7.5,,1011.0,
2023-12-12,5.0,2.8,7.8,0.0,,255.0,16.5,,1028.5,
2023-12-13,5.7,2.8,10.0,0.0,,272.0,12.2,,1032.0,
2023-12-14,3.9,1.7,6.7,0.0,,266.0,11.6,,1036.7,
2023-12-15,8.1,2.8,15.6,0.0,,259.0,12.0,,1028.7,
2023-12-16,9.9,7.2,13.3,0.0,,40.0,11.3,,1031.6,
2023-12-17,10.9,8.0,13.9,20.7,,43.0,19.9,,1021.5,
2023-12-18,11.5,6.1,15.0,56.9,,261.0,17.3,,993.1,
2023-12-19,4.3,1.1,7.8,0.0,,276.0,12.7,,1015.7,
2023-12-20,3.6,0.0,8.9,0.0,,309.0,8.2,,1028.1,
2023-12-21,3.9,1.1,7.8,0.0,,29.0,11.2,,1030.2,
2023-12-22,1.1,-2.2,5.0,0.0,,312.0,5.4,,1032.2,
2023-12-23,4.5,2.2,6.7,0.0,,48.0,9.9,,1032.2,
2023-12-24,6.6,5.6,7.8,0.1,,317.0,4.9,,1030.0,
2023-12-25,7.4,6.1,8.9,0.0,,43.0,8.0,,1030.4,
2023-12-26,7.4,6.7,8.3,0.0,,87.0,6.1,,1026.3,
2023-12-27,7.9,6.7,9.4,6.7,,38.0,12.3,,1018.1,
2023-12-28,10.1,8.9,11.7,43.2,,37.0,16.8,,1005.8,
2023-12-29,9.4,7.8,12.2,0.1,,274.0,9.1,,1005.0,
2023-12-30,6.0,3.9,7.8,0.1,,272.0,15.1,,1005.1,
2023-12-31,5.5,4.4,6.1,0.0,,275.0,9.1,,1014.8,
